,Total Run Score,Total Discards Used,Total Cards Played,Best Hand Score,Hand played for Best Hand Score,Rounds Won,Rounds Played,Antes Won,Run Average Score,Average Discards,Flush Count,Four of a Kind Count,Full House Count,High Card Count,Pair Count,Straight Count,Straight Flush Count,Three of a Kind Count,Two Pair Count
0,1910.0,4.0,55.0,364,Full House,3,4,1,636.7,1.3,0.0,0.0,2.0,0.0,0.0,3.0,0.0,2.0,6.0
0,1784.0,7.0,50.0,372,Full House,3,4,1,594.7,2.3,1.0,0.0,3.0,0.0,0.0,2.0,0.0,0.0,5.0
0,1480.0,6.0,45.0,368,Full House,3,4,1,493.3,2.0,1.0,0.0,3.0,0.0,2.0,2.0,0.0,1.0,2.0
0,2109.0,3.0,41.0,1000,Straight Flush,3,4,1,703.0,1.0,1.0,0.0,1.0,0.0,2.0,0.0,1.0,2.0,4.0
0,2764.0,9.0,49.0,1208,Straight Flush,3,4,1,921.3,3.0,1.0,0.0,2.0,0.0,2.0,1.0,1.0,0.0,5.0
0,2604.0,7.0,78.0,372,Full House,4,5,1,651.0,1.8,2.0,0.0,2.0,0.0,0.0,3.0,0.0,1.0,10.0
0,0.0,0.0,6.0,189,Three of a Kind,0,1,0,0.0,0.0,0.0,0.0,0.0,3.0,0.0,0.0,0.0,1.0,0.0
0,893.0,3.0,37.0,296,Flush,2,3,0,446.5,1.5,1.0,0.0,0.0,0.0,1.0,0.0,0.0,2.0,6.0
0,2476.0,7.0,65.0,324,Straight,4,5,1,619.0,1.8,2.0,0.0,1.0,2.0,0.0,4.0,0.0,0.0,7.0
0,0.0,0.0,9.0,116,Two Pair,0,1,0,0.0,0.0,0.0,0.0,0.0,1.0,2.0,0.0,0.0,0.0,1.0
0,1496.0,4.0,44.0,700,Four of a Kind,2,3,0,748.0,2.0,0.0,1.0,2.0,0.0,1.0,0.0,0.0,0.0,7.0
0,1585.0,7.0,51.0,324,Straight,3,4,1,528.3,2.3,0.0,0.0,1.0,0.0,0.0,4.0,0.0,2.0,5.0
0,1754.0,6.0,40.0,700,Four of a Kind,3,4,1,584.7,2.0,1.0,1.0,1.0,0.0,0.0,0.0,0.0,2.0,5.0
0,2979.0,7.0,44.0,700,Four of a Kind,4,5,1,744.8,1.8,0.0,2.0,3.0,2.0,2.0,1.0,0.0,2.0,1.0
0,1560.0,7.0,44.0,372,Full House,3,4,1,520.0,2.3,1.0,0.0,2.0,1.0,1.0,2.0,0.0,0.0,4.0
0,1897.0,3.0,50.0,360,Full House,3,4,1,632.3,1.0,0.0,0.0,2.0,0.0,1.0,4.0,0.0,2.0,3.0
0,2716.0,7.0,83.0,324,Straight,4,5,1,679.0,1.8,1.0,0.0,1.0,0.0,0.0,5.0,0.0,0.0,12.0
0,308.0,0.0,25.0,220,Straight,1,2,0,308.0,0.0,0.0,0.0,0.0,0.0,0.0,1.0,0.0,0.0,5.0
0,981.0,2.0,30.0,372,Full House,2,3,0,490.5,1.0,1.0,0.0,1.0,0.0,1.0,0.0,0.0,2.0,3.0
0,380.0,1.0,26.0,180,Three of a Kind,1,2,0,380.0,1.0,0.0,0.0,0.0,0.0,0.0,0.0,0.0,2.0,5.0
0,2772.0,6.0,81.0,368,Full House,4,5,1,693.0,1.5,1.0,0.0,5.0,0.0,0.0,1.0,0.0,2.0,10.0
0,900.0,1.0,31.0,360,Full House,2,3,0,450.0,0.5,0.0,0.0,2.0,0.0,2.0,1.0,0.0,0.0,3.0
0,816.0,1.0,29.0,292,Flush,2,3,0,408.0,0.5,1.0,0.0,0.0,1.0,3.0,1.0,0.0,0.0,3.0
0,2092.0,6.0,48.0,700,Four of a Kind,3,4,1,697.3,2.0,0.0,1.0,2.0,0.0,1.0,1.0,0.0,1.0,6.0
0,300.0,0.0,18.0,300,Flush,1,2,0,300.0,0.0,1.0,0.0,0.0,0.0,1.0,0.0,0.0,1.0,2.0
0,608.0,2.0,33.0,316,Straight,1,2,0,608.0,2.0,0.0,0.0,0.0,0.0,0.0,1.0,0.0,0.0,7.0
0,1512.0,1.0,40.0,372,Full House,3,4,1,504.0,0.3,4.0,0.0,2.0,1.0,0.0,1.0,0.0,0.0,1.0
0,2512.0,5.0,72.0,372,Full House,4,5,1,628.0,1.2,1.0,0.0,2.0,0.0,0.0,3.0,0.0,2.0,9.0
0,1385.0,4.0,58.0,360,Full House,3,4,1,461.7,1.3,0.0,0.0,1.0,0.0,0.0,2.0,0.0,1.0,10.0
0,1028.0,4.0,43.0,316,Straight,2,3,0,514.0,2.0,0.0,0.0,0.0,0.0,0.0,3.0,0.0,0.0,7.0
0,1548.0,7.0,47.0,372,Full House,3,4,1,516.0,2.3,2.0,0.0,2.0,1.0,0.0,0.0,0.0,2.0,5.0
0,2460.0,10.0,52.0,728,Four of a Kind,4,5,1,615.0,2.5,0.0,1.0,4.0,1.0,2.0,3.0,0.0,0.0,2.0
0,1912.0,4.0,47.0,324,Straight,3,4,1,637.3,1.3,3.0,0.0,2.0,0.0,2.0,2.0,0.0,0.0,2.0
0,440.0,0.0,25.0,240,Straight,1,2,0,440.0,0.0,0.0,0.0,0.0,1.0,1.0,2.0,0.0,0.0,3.0
0,1536.0,3.0,46.0,312,Full House,3,4,1,512.0,1.0,3.0,0.0,2.0,1.0,0.0,0.0,0.0,0.0,5.0
0,2471.0,5.0,56.0,700,Four of a Kind,4,5,1,617.8,1.2,2.0,1.0,0.0,0.0,0.0,4.0,0.0,2.0,4.0
0,500.0,2.0,29.0,296,Straight,1,2,0,500.0,2.0,0.0,0.0,0.0,0.0,0.0,1.0,0.0,0.0,6.0
0,1460.0,7.0,54.0,340,Full House,3,4,1,486.7,2.3,0.0,0.0,1.0,0.0,0.0,2.0,0.0,1.0,9.0
0,1584.0,3.0,57.0,324,Straight,3,4,1,528.0,1.0,1.0,0.0,0.0,0.0,0.0,5.0,0.0,1.0,6.0
0,1849.0,4.0,48.0,360,Full House,3,4,1,616.3,1.3,1.0,0.0,4.0,0.0,0.0,1.0,0.0,2.0,3.0
0,1344.0,1.0,29.0,616,Four of a Kind,2,3,0,672.0,0.5,1.0,1.0,0.0,1.0,2.0,0.0,0.0,1.0,3.0
0,940.0,2.0,36.0,324,Straight,2,3,0,470.0,1.0,0.0,0.0,0.0,0.0,1.0,3.0,0.0,1.0,4.0
0,2844.0,6.0,70.0,368,Full House,4,5,1,711.0,1.5,4.0,0.0,4.0,1.0,1.0,0.0,0.0,1.0,6.0
0,0.0,0.0,9.0,124,Two Pair,0,1,0,0.0,0.0,0.0,0.0,0.0,1.0,2.0,0.0,0.0,0.0,1.0
0,0.0,0.0,12.0,108,Two Pair,0,1,0,0.0,0.0,0.0,0.0,0.0,0.0,2.0,0.0,0.0,0.0,2.0
0,1985.0,3.0,53.0,644,Four of a Kind,3,4,1,661.7,1.0,2.0,1.0,1.0,0.0,0.0,0.0,0.0,2.0,7.0
0,1824.0,6.0,55.0,372,Full House,3,4,1,608.0,2.0,0.0,0.0,3.0,0.0,0.0,2.0,0.0,2.0,6.0
0,1808.0,7.0,55.0,324,Straight,3,4,1,602.7,2.3,2.0,0.0,0.0,0.0,1.0,3.0,0.0,0.0,7.0
0,992.0,3.0,36.0,364,Full House,2,3,0,496.0,1.5,1.0,0.0,1.0,1.0,0.0,1.0,0.0,0.0,5.0
0,776.0,0.0,31.0,372,Full House,2,3,0,388.0,0.0,1.0,0.0,2.0,0.0,0.0,0.0,0.0,0.0,4.0
0,1884.0,7.0,50.0,372,Full House,3,4,1,628.0,2.3,1.0,0.0,3.0,1.0,2.0,1.0,0.0,0.0,5.0
0,1493.0,5.0,44.0,372,Full House,3,4,1,497.7,1.7,1.0,0.0,2.0,0.0,1.0,1.0,0.0,2.0,4.0
0,1444.0,5.0,46.0,372,Full House,3,4,1,481.3,1.7,2.0,0.0,2.0,1.0,0.0,1.0,0.0,0.0,5.0
0,368.0,1.0,16.0,368,Full House,1,2,0,368.0,1.0,0.0,0.0,1.0,1.0,0.0,0.0,0.0,2.0,1.0
0,1559.0,7.0,55.0,324,Straight,3,4,1,519.7,2.3,2.0,0.0,1.0,1.0,1.0,2.0,0.0,1.0,6.0
0,1244.0,6.0,40.0,324,Straight,2,3,0,622.0,3.0,0.0,0.0,1.0,0.0,1.0,2.0,0.0,1.0,5.0
0,1820.0,4.0,48.0,348,Full House,3,4,1,606.7,1.3,2.0,0.0,1.0,0.0,0.0,2.0,0.0,1.0,5.0
0,1900.0,5.0,54.0,352,Full House,3,4,1,633.3,1.7,1.0,0.0,2.0,0.0,0.0,3.0,0.0,0.0,6.0
0,1696.0,7.0,44.0,364,Full House,3,4,1,565.3,2.3,2.0,0.0,2.0,0.0,0.0,2.0,0.0,2.0,2.0
0,1872.0,5.0,48.0,324,Straight,3,4,1,624.0,1.7,1.0,0.0,0.0,0.0,2.0,4.0,0.0,1.0,4.0
0,1187.0,3.0,41.0,360,Full House,2,3,0,593.5,1.5,2.0,0.0,1.0,0.0,0.0,0.0,0.0,2.0,5.0
0,1084.0,2.0,34.0,368,Full House,2,3,0,542.0,1.0,0.0,0.0,2.0,2.0,0.0,2.0,0.0,0.0,3.0
0,2364.0,6.0,51.0,672,Four of a Kind,4,5,1,591.0,1.5,1.0,1.0,2.0,0.0,3.0,3.0,0.0,1.0,2.0
0,1728.0,6.0,52.0,324,Full House,3,4,1,576.0,2.0,1.0,0.0,1.0,0.0,0.0,2.0,0.0,4.0,5.0
0,1040.0,2.0,37.0,280,Straight,2,3,0,520.0,1.0,0.0,0.0,0.0,0.0,0.0,3.0,0.0,2.0,4.0
0,1013.0,4.0,32.0,324,Straight,2,3,0,506.5,2.0,0.0,0.0,0.0,1.0,2.0,1.0,0.0,2.0,4.0
0,620.0,1.0,18.0,324,Straight,1,2,0,620.0,1.0,0.0,0.0,0.0,2.0,1.0,2.0,0.0,0.0,1.0
0,1484.0,5.0,56.0,316,Straight,3,4,1,494.7,1.7,0.0,0.0,0.0,0.0,1.0,2.0,0.0,0.0,11.0
0,967.0,4.0,43.0,280,Straight,2,3,0,483.5,2.0,1.0,0.0,0.0,1.0,0.0,1.0,0.0,0.0,8.0
0,1680.0,3.0,47.0,324,Straight,3,4,1,560.0,1.0,0.0,0.0,1.0,0.0,1.0,4.0,0.0,0.0,5.0
0,1708.0,3.0,50.0,360,Full House,3,4,1,569.3,1.0,1.0,0.0,3.0,0.0,0.0,2.0,0.0,0.0,5.0
0,2720.0,6.0,69.0,316,Straight,4,5,1,680.0,1.5,4.0,0.0,3.0,1.0,0.0,2.0,0.0,1.0,5.0
0,2028.0,0.0,45.0,1000,Straight Flush,3,4,1,676.0,0.0,3.0,0.0,0.0,0.0,0.0,1.0,1.0,0.0,5.0
0,1953.0,5.0,60.0,372,Full House,3,4,1,651.0,1.7,1.0,0.0,2.0,0.0,0.0,2.0,0.0,1.0,8.0
0,1824.0,5.0,62.0,368,Full House,3,4,1,608.0,1.7,1.0,0.0,2.0,0.0,0.0,1.0,0.0,2.0,9.0
0,1432.0,6.0,57.0,324,Straight,3,4,1,477.3,2.0,1.0,0.0,0.0,0.0,0.0,1.0,0.0,1.0,11.0
0,452.0,1.0,24.0,272,Flush,1,2,0,452.0,1.0,1.0,0.0,0.0,0.0,0.0,0.0,0.0,1.0,4.0
0,1473.0,5.0,53.0,324,Straight,3,4,1,491.0,1.7,0.0,0.0,1.0,0.0,2.0,2.0,0.0,2.0,7.0
0,1140.0,2.0,37.0,324,Straight,2,3,0,570.0,1.0,0.0,0.0,1.0,0.0,3.0,2.0,0.0,0.0,4.0
0,1518.0,4.0,48.0,324,Straight,3,4,1,506.0,1.3,3.0,0.0,1.0,1.0,0.0,1.0,0.0,2.0,4.0
0,1596.0,2.0,54.0,288,Flush,3,4,1,532.0,0.7,2.0,0.0,0.0,0.0,1.0,2.0,0.0,0.0,8.0
0,1040.0,2.0,43.0,368,Full House,2,3,0,520.0,1.0,1.0,0.0,1.0,0.0,0.0,1.0,0.0,0.0,7.0
0,864.0,1.0,38.0,308,Flush,2,3,0,432.0,0.5,2.0,0.0,0.0,0.0,0.0,0.0,0.0,0.0,7.0
0,1480.0,6.0,48.0,360,Full House,3,4,1,493.3,2.0,0.0,0.0,1.0,1.0,2.0,3.0,0.0,1.0,5.0
0,1548.0,4.0,41.0,360,Full House,3,4,1,516.0,1.3,1.0,0.0,3.0,2.0,0.0,0.0,0.0,1.0,4.0
0,416.0,2.0,21.0,180,Three of a Kind,1,2,0,416.0,2.0,0.0,0.0,0.0,1.0,1.0,0.0,0.0,2.0,3.0
0,1528.0,3.0,53.0,368,Full House,3,4,1,509.3,1.0,1.0,0.0,1.0,0.0,0.0,3.0,0.0,0.0,7.0
0,0.0,0.0,8.0,88,Two Pair,0,1,0,0.0,0.0,0.0,0.0,0.0,2.0,1.0,0.0,0.0,0.0,1.0
0,1536.0,2.0,50.0,324,Straight,3,4,1,512.0,0.7,0.0,0.0,0.0,0.0,0.0,3.0,0.0,1.0,8.0
0,2461.0,8.0,62.0,368,Full House,4,5,1,615.2,2.0,1.0,0.0,2.0,0.0,3.0,3.0,0.0,2.0,5.0
0,1919.0,2.0,54.0,316,Straight,3,4,1,639.7,0.7,0.0,0.0,0.0,0.0,1.0,4.0,0.0,4.0,5.0
0,308.0,3.0,27.0,124,Two Pair,1,2,0,308.0,3.0,0.0,0.0,0.0,1.0,1.0,0.0,0.0,0.0,6.0
0,2775.0,7.0,64.0,368,Full House,4,5,1,693.8,1.8,3.0,0.0,2.0,0.0,5.0,2.0,0.0,1.0,4.0
0,848.0,2.0,26.0,324,Straight,2,3,0,424.0,1.0,1.0,0.0,0.0,0.0,3.0,3.0,0.0,0.0,0.0
0,828.0,1.0,27.0,356,Full House,2,3,0,414.0,0.5,0.0,0.0,2.0,0.0,2.0,1.0,0.0,0.0,2.0
0,824.0,3.0,37.0,324,Straight,2,3,0,412.0,1.5,0.0,0.0,0.0,1.0,1.0,2.0,0.0,0.0,6.0
0,1550.0,5.0,49.0,324,Full House,3,4,1,516.7,1.7,0.0,0.0,1.0,0.0,0.0,2.0,0.0,2.0,7.0
0,1870.0,4.0,45.0,360,Full House,3,4,1,623.3,1.3,0.0,0.0,2.0,1.0,1.0,2.0,0.0,2.0,4.0
0,1292.0,2.0,43.0,360,Full House,2,3,0,646.0,1.0,1.0,0.0,1.0,0.0,0.0,0.0,0.0,3.0,6.0
0,2300.0,8.0,65.0,360,Full House,4,5,1,575.0,2.0,3.0,0.0,2.0,0.0,1.0,3.0,0.0,1.0,5.0
0,984.0,4.0,35.0,324,Straight,2,3,0,492.0,2.0,0.0,0.0,1.0,1.0,2.0,1.0,0.0,0.0,5.0
0,300.0,1.0,17.0,300,Flush,1,2,0,300.0,1.0,1.0,0.0,0.0,1.0,0.0,0.0,0.0,1.0,2.0
0,1488.0,5.0,35.0,332,Flush,3,4,1,496.0,1.7,3.0,0.0,1.0,2.0,1.0,0.0,0.0,1.0,2.0
0,2601.0,8.0,44.0,1208,Straight Flush,3,4,1,867.0,2.7,0.0,0.0,2.0,1.0,0.0,2.0,1.0,2.0,3.0
0,2734.0,7.0,71.0,360,Full House,4,5,1,683.5,1.8,2.0,0.0,2.0,0.0,1.0,4.0,0.0,3.0,5.0
0,1941.0,4.0,46.0,700,Four of a Kind,3,4,1,647.0,1.3,0.0,1.0,1.0,1.0,0.0,2.0,0.0,2.0,5.0
0,872.0,0.0,37.0,360,Full House,2,3,0,436.0,0.0,0.0,0.0,1.0,0.0,0.0,1.0,0.0,1.0,6.0
0,864.0,5.0,35.0,324,Straight,2,3,0,432.0,2.5,0.0,0.0,0.0,0.0,0.0,3.0,0.0,0.0,5.0
0,1632.0,5.0,49.0,324,Straight,3,4,1,544.0,1.7,0.0,0.0,2.0,0.0,1.0,3.0,0.0,2.0,4.0
0,1643.0,5.0,51.0,352,Full House,3,4,1,547.7,1.7,2.0,0.0,1.0,1.0,0.0,1.0,0.0,2.0,6.0
0,938.0,2.0,38.0,316,Straight,2,3,0,469.0,1.0,2.0,0.0,0.0,0.0,0.0,1.0,0.0,1.0,5.0
0,2852.0,0.0,52.0,700,Four of a Kind,4,5,1,713.0,0.0,1.0,2.0,3.0,0.0,0.0,2.0,0.0,2.0,2.0
0,2601.0,3.0,53.0,1040,Straight Flush,3,4,1,867.0,1.0,2.0,0.0,2.0,0.0,0.0,1.0,1.0,1.0,5.0
0,988.0,0.0,38.0,280,Flush,2,3,0,494.0,0.0,2.0,0.0,0.0,0.0,0.0,1.0,0.0,1.0,5.0
0,2479.0,7.0,59.0,616,Four of a Kind,4,5,1,619.8,1.8,1.0,1.0,2.0,0.0,0.0,0.0,0.0,4.0,7.0
0,832.0,3.0,32.0,308,Straight,2,3,0,416.0,1.5,1.0,0.0,0.0,0.0,1.0,1.0,0.0,0.0,5.0
0,2660.0,9.0,75.0,372,Full House,4,5,1,665.0,2.2,3.0,0.0,2.0,0.0,0.0,4.0,0.0,2.0,6.0
0,1468.0,6.0,39.0,700,Four of a Kind,2,3,0,734.0,3.0,0.0,1.0,1.0,0.0,1.0,0.0,0.0,0.0,7.0
0,2412.0,8.0,64.0,728,Four of a Kind,4,5,1,603.0,2.0,2.0,1.0,1.0,0.0,0.0,2.0,0.0,1.0,8.0
0,1581.0,6.0,53.0,360,Full House,3,4,1,527.0,2.0,0.0,0.0,3.0,0.0,1.0,2.0,0.0,2.0,5.0
0,1608.0,5.0,46.0,324,Straight,3,4,1,536.0,1.7,2.0,0.0,0.0,1.0,0.0,4.0,0.0,1.0,3.0
0,864.0,4.0,29.0,368,Full House,2,3,0,432.0,2.0,0.0,0.0,1.0,0.0,0.0,1.0,0.0,1.0,4.0
0,872.0,0.0,36.0,288,Flush,2,3,0,436.0,0.0,2.0,0.0,0.0,0.0,0.0,2.0,0.0,0.0,4.0
0,0.0,0.0,9.0,116,Two Pair,0,1,0,0.0,0.0,0.0,0.0,0.0,1.0,2.0,0.0,0.0,0.0,1.0
0,2368.0,4.0,64.0,372,Full House,4,5,1,592.0,1.0,2.0,0.0,4.0,2.0,0.0,1.0,0.0,1.0,6.0
0,2413.0,6.0,62.0,360,Full House,4,5,1,603.2,1.5,3.0,0.0,1.0,0.0,1.0,4.0,0.0,4.0,2.0
0,1760.0,6.0,38.0,672,Four of a Kind,3,4,1,586.7,2.0,0.0,1.0,2.0,0.0,4.0,0.0,0.0,0.0,4.0
0,1564.0,6.0,51.0,368,Full House,3,4,1,521.3,2.0,0.0,0.0,3.0,0.0,1.0,2.0,0.0,0.0,6.0
0,600.0,0.0,19.0,316,Straight,1,2,0,600.0,0.0,1.0,0.0,0.0,1.0,2.0,1.0,0.0,0.0,1.0
0,440.0,1.0,21.0,316,Straight,1,2,0,440.0,1.0,0.0,0.0,0.0,0.0,2.0,1.0,0.0,0.0,3.0
0,669.0,2.0,27.0,372,Full House,1,2,0,669.0,2.0,0.0,0.0,1.0,0.0,0.0,0.0,0.0,2.0,4.0
0,1032.0,1.0,40.0,304,Full House,2,3,0,516.0,0.5,1.0,0.0,1.0,0.0,0.0,2.0,0.0,0.0,5.0
0,980.0,2.0,38.0,288,Flush,2,3,0,490.0,1.0,2.0,0.0,0.0,1.0,0.0,0.0,0.0,1.0,6.0
0,1024.0,1.0,34.0,328,Flush,2,3,0,512.0,0.5,2.0,0.0,0.0,0.0,0.0,1.0,0.0,1.0,4.0
0,1960.0,4.0,55.0,360,Full House,3,4,1,653.3,1.3,0.0,0.0,3.0,0.0,2.0,5.0,0.0,1.0,2.0
0,996.0,3.0,32.0,360,Full House,2,3,0,498.0,1.5,0.0,0.0,1.0,1.0,2.0,3.0,0.0,1.0,1.0
0,2532.0,5.0,63.0,372,Full House,4,5,1,633.0,1.2,5.0,0.0,2.0,0.0,1.0,2.0,0.0,0.0,4.0
0,2705.0,7.0,63.0,372,Full House,4,5,1,676.2,1.8,3.0,0.0,6.0,1.0,0.0,2.0,0.0,1.0,1.0
0,1180.0,5.0,36.0,316,Flush,2,3,0,590.0,2.5,1.0,0.0,0.0,2.0,3.0,1.0,0.0,2.0,3.0
0,1872.0,4.0,53.0,336,Full House,3,4,1,624.0,1.3,2.0,0.0,2.0,0.0,1.0,3.0,0.0,0.0,4.0
0,1716.0,6.0,60.0,324,Straight,3,4,1,572.0,2.0,2.0,0.0,1.0,0.0,0.0,2.0,0.0,1.0,8.0
0,1756.0,3.0,48.0,324,Full House,3,4,1,585.3,1.0,1.0,0.0,2.0,1.0,0.0,4.0,0.0,0.0,3.0
0,2351.0,5.0,61.0,332,Flush,4,5,1,587.8,1.2,5.0,0.0,1.0,0.0,0.0,2.0,0.0,3.0,3.0
0,2673.0,6.0,68.0,352,Full House,4,5,1,668.2,1.5,1.0,0.0,2.0,1.0,1.0,3.0,0.0,5.0,5.0
0,3640.0,11.0,79.0,588,Four of a Kind,5,6,1,728.0,2.2,1.0,1.0,3.0,3.0,0.0,4.0,0.0,0.0,8.0
0,2312.0,8.0,66.0,372,Full House,4,5,1,578.0,2.0,0.0,0.0,6.0,0.0,0.0,1.0,0.0,1.0,7.0
0,1645.0,2.0,56.0,368,Full House,3,4,1,548.3,0.7,0.0,0.0,2.0,0.0,0.0,3.0,0.0,1.0,7.0
0,2688.0,9.0,70.0,372,Full House,4,5,1,672.0,2.2,1.0,0.0,2.0,0.0,1.0,5.0,0.0,0.0,7.0
0,2571.0,7.0,57.0,372,Full House,4,5,1,642.8,1.8,0.0,0.0,2.0,3.0,0.0,5.0,0.0,1.0,4.0
0,843.0,0.0,37.0,240,Straight,2,3,0,421.5,0.0,0.0,0.0,0.0,0.0,0.0,2.0,0.0,1.0,6.0
0,2644.0,7.0,73.0,352,Full House,4,5,1,661.0,1.8,3.0,0.0,5.0,0.0,0.0,1.0,0.0,0.0,7.0
0,1048.0,2.0,32.0,372,Full House,2,3,0,524.0,1.0,1.0,0.0,1.0,1.0,0.0,1.0,0.0,0.0,4.0
0,436.0,1.0,23.0,324,Straight,1,2,0,436.0,1.0,0.0,0.0,0.0,0.0,1.0,1.0,0.0,0.0,4.0
0,316.0,1.0,17.0,316,Straight,1,2,0,316.0,1.0,0.0,0.0,0.0,0.0,2.0,1.0,0.0,0.0,2.0
0,2820.0,5.0,74.0,360,Full House,4,5,1,705.0,1.2,4.0,0.0,6.0,0.0,0.0,0.0,0.0,0.0,6.0
0,1720.0,5.0,41.0,728,Four of a Kind,3,4,1,573.3,1.7,1.0,1.0,1.0,0.0,0.0,1.0,0.0,2.0,4.0
0,1684.0,6.0,55.0,372,Full House,3,4,1,561.3,2.0,2.0,0.0,2.0,0.0,1.0,1.0,0.0,0.0,7.0
0,368.0,1.0,12.0,368,Full House,1,2,0,368.0,1.0,0.0,0.0,1.0,3.0,0.0,0.0,0.0,0.0,1.0
0,2305.0,7.0,68.0,368,Full House,4,5,1,576.2,1.8,3.0,0.0,2.0,0.0,0.0,2.0,0.0,3.0,6.0
0,804.0,1.0,27.0,304,Full House,2,3,0,402.0,0.5,0.0,0.0,1.0,1.0,0.0,2.0,0.0,1.0,2.0
0,1188.0,4.0,39.0,320,Flush,2,3,0,594.0,2.0,2.0,0.0,0.0,1.0,0.0,1.0,0.0,1.0,5.0
0,2963.0,7.0,74.0,372,Full House,4,5,1,740.8,1.8,0.0,0.0,4.0,0.0,0.0,5.0,0.0,3.0,5.0
0,2116.0,5.0,53.0,700,Four of a Kind,3,4,1,705.3,1.7,1.0,1.0,2.0,0.0,0.0,2.0,0.0,0.0,6.0
0,0.0,0.0,10.0,108,Two Pair,0,1,0,0.0,0.0,0.0,0.0,0.0,0.0,3.0,0.0,0.0,0.0,1.0
0,2480.0,4.0,75.0,316,Straight,4,5,1,620.0,1.0,3.0,0.0,1.0,0.0,0.0,4.0,0.0,1.0,8.0
0,600.0,1.0,25.0,324,Straight,1,2,0,600.0,1.0,1.0,0.0,0.0,0.0,0.0,1.0,0.0,1.0,3.0
0,1496.0,1.0,30.0,700,Four of a Kind,2,3,0,748.0,0.5,0.0,1.0,1.0,1.0,1.0,2.0,0.0,0.0,2.0
0,1836.0,7.0,56.0,372,Full House,3,4,1,612.0,2.3,1.0,0.0,3.0,0.0,0.0,1.0,0.0,1.0,7.0
0,1668.0,5.0,46.0,344,Full House,3,4,1,556.0,1.7,0.0,0.0,1.0,1.0,2.0,2.0,0.0,2.0,5.0
0,316.0,0.0,21.0,200,Straight,1,2,0,316.0,0.0,0.0,0.0,0.0,0.0,2.0,1.0,0.0,0.0,3.0
0,2604.0,8.0,76.0,372,Full House,4,5,1,651.0,2.0,2.0,0.0,2.0,0.0,0.0,4.0,0.0,0.0,9.0
0,1544.0,5.0,54.0,300,Flush,3,4,1,514.7,1.7,3.0,0.0,2.0,0.0,1.0,0.0,0.0,1.0,6.0
0,863.0,1.0,30.0,312,Flush,2,3,0,431.5,0.5,1.0,0.0,0.0,0.0,1.0,2.0,0.0,3.0,1.0
0,0.0,0.0,7.0,108,Two Pair,0,1,0,0.0,0.0,0.0,0.0,0.0,3.0,0.0,0.0,0.0,0.0,1.0
0,1484.0,6.0,56.0,292,Flush,3,4,1,494.7,2.0,2.0,0.0,0.0,0.0,0.0,0.0,0.0,2.0,10.0
0,2556.0,6.0,69.0,368,Full House,4,5,1,639.0,1.5,1.0,0.0,3.0,0.0,0.0,5.0,0.0,0.0,6.0
0,1678.0,3.0,46.0,368,Full House,3,4,1,559.3,1.0,1.0,0.0,1.0,0.0,0.0,3.0,0.0,3.0,3.0
0,1725.0,9.0,52.0,324,Straight,3,4,1,575.0,3.0,0.0,0.0,1.0,0.0,0.0,2.0,0.0,3.0,7.0
0,332.0,1.0,18.0,332,Flush,1,2,0,332.0,1.0,1.0,0.0,0.0,1.0,0.0,0.0,0.0,0.0,3.0
0,376.0,0.0,27.0,180,Three of a Kind,1,2,0,376.0,0.0,0.0,0.0,0.0,0.0,0.0,0.0,0.0,1.0,6.0
0,1548.0,5.0,52.0,360,Full House,3,4,1,516.0,1.7,0.0,0.0,2.0,0.0,0.0,3.0,0.0,1.0,6.0
0,1888.0,3.0,57.0,324,Straight,3,4,1,629.3,1.0,0.0,0.0,1.0,0.0,1.0,6.0,0.0,0.0,5.0
0,340.0,1.0,19.0,240,Straight,1,2,0,340.0,1.0,0.0,0.0,0.0,2.0,0.0,1.0,0.0,0.0,3.0
0,1505.0,5.0,52.0,316,Straight,3,4,1,501.7,1.7,1.0,0.0,1.0,0.0,3.0,1.0,0.0,1.0,7.0
0,1540.0,2.0,40.0,700,Four of a Kind,3,4,1,513.3,0.7,0.0,1.0,0.0,0.0,1.0,2.0,0.0,0.0,6.0
0,932.0,0.0,38.0,268,Flush,2,3,0,466.0,0.0,1.0,0.0,0.0,0.0,1.0,3.0,0.0,0.0,4.0
0,380.0,3.0,19.0,316,Flush,1,2,0,380.0,3.0,1.0,0.0,0.0,0.0,3.0,0.0,0.0,0.0,2.0
0,2928.0,10.0,63.0,700,Four of a Kind,4,5,1,732.0,2.5,2.0,1.0,4.0,0.0,0.0,1.0,0.0,0.0,6.0
0,2816.0,4.0,64.0,644,Four of a Kind,4,5,1,704.0,1.0,2.0,1.0,1.0,1.0,1.0,2.0,0.0,0.0,8.0
0,1500.0,1.0,32.0,700,Four of a Kind,2,3,0,750.0,0.5,0.0,1.0,1.0,1.0,0.0,2.0,0.0,0.0,3.0
0,1014.0,6.0,36.0,324,Straight,2,3,0,507.0,3.0,0.0,0.0,1.0,0.0,1.0,2.0,0.0,1.0,4.0
0,1212.0,1.0,29.0,504,Four of a Kind,2,3,0,606.0,0.5,1.0,1.0,0.0,0.0,1.0,1.0,0.0,3.0,1.0
0,865.0,5.0,32.0,316,Straight,2,3,0,432.5,2.5,0.0,0.0,0.0,0.0,1.0,1.0,0.0,3.0,4.0
0,1528.0,2.0,39.0,368,Full House,3,4,1,509.3,0.7,1.0,0.0,2.0,2.0,0.0,2.0,0.0,0.0,3.0
0,336.0,1.0,16.0,336,Flush,1,2,0,336.0,1.0,1.0,0.0,0.0,1.0,1.0,0.0,0.0,0.0,2.0
0,2536.0,5.0,66.0,368,Full House,4,5,1,634.0,1.2,1.0,0.0,4.0,0.0,2.0,2.0,0.0,1.0,6.0
0,852.0,1.0,34.0,372,Full House,2,3,0,426.0,0.5,1.0,0.0,1.0,1.0,1.0,1.0,0.0,0.0,4.0
0,1872.0,4.0,53.0,372,Full House,3,4,1,624.0,1.3,2.0,0.0,3.0,0.0,1.0,2.0,0.0,0.0,4.0
0,396.0,1.0,21.0,320,Flush,1,2,0,396.0,1.0,1.0,0.0,0.0,0.0,2.0,0.0,0.0,0.0,3.0
0,2398.0,3.0,76.0,324,Straight,4,5,1,599.5,0.8,2.0,0.0,0.0,0.0,0.0,3.0,0.0,1.0,12.0
0,2905.0,10.0,64.0,360,Full House,4,5,1,726.2,2.5,3.0,0.0,3.0,0.0,2.0,3.0,0.0,1.0,3.0
0,1929.0,5.0,56.0,344,Full House,3,4,1,643.0,1.7,1.0,0.0,1.0,0.0,0.0,4.0,0.0,2.0,5.0
0,1912.0,4.0,53.0,560,Four of a Kind,3,4,1,637.3,1.3,1.0,1.0,1.0,0.0,0.0,3.0,0.0,0.0,6.0
0,1280.0,1.0,41.0,324,Straight,2,3,0,640.0,0.5,1.0,0.0,1.0,0.0,0.0,3.0,0.0,0.0,4.0
0,3004.0,6.0,63.0,728,Four of a Kind,4,5,1,751.0,1.5,4.0,1.0,1.0,0.0,0.0,3.0,0.0,1.0,4.0
0,1853.0,3.0,56.0,372,Full House,3,4,1,617.7,1.0,1.0,0.0,1.0,0.0,0.0,3.0,0.0,1.0,7.0
0,1408.0,4.0,46.0,324,Straight,3,4,1,469.3,1.3,1.0,0.0,0.0,0.0,0.0,2.0,0.0,1.0,7.0
0,340.0,0.0,25.0,240,Straight,1,2,0,340.0,0.0,0.0,0.0,0.0,0.0,0.0,1.0,0.0,0.0,5.0
0,1629.0,7.0,47.0,368,Full House,3,4,1,543.0,2.3,1.0,0.0,2.0,0.0,1.0,1.0,0.0,3.0,4.0
0,1631.0,8.0,48.0,332,Full House,3,4,1,543.7,2.7,1.0,0.0,1.0,0.0,2.0,3.0,0.0,5.0,1.0
0,436.0,0.0,23.0,336,Full House,1,2,0,436.0,0.0,0.0,0.0,1.0,0.0,1.0,0.0,0.0,0.0,4.0
0,1740.0,5.0,48.0,372,Full House,3,4,1,580.0,1.7,1.0,0.0,2.0,0.0,2.0,2.0,0.0,1.0,4.0
0,2618.0,9.0,59.0,700,Four of a Kind,4,5,1,654.5,2.2,0.0,1.0,2.0,1.0,1.0,4.0,0.0,2.0,4.0
0,932.0,5.0,37.0,324,Straight,2,3,0,466.0,2.5,1.0,0.0,0.0,0.0,1.0,2.0,0.0,0.0,5.0
0,1076.0,0.0,38.0,348,Full House,2,3,0,538.0,0.0,0.0,0.0,1.0,0.0,1.0,3.0,0.0,0.0,4.0
0,836.0,3.0,26.0,368,Full House,2,3,0,418.0,1.5,0.0,0.0,2.0,0.0,2.0,0.0,0.0,0.0,3.0
0,1708.0,4.0,51.0,360,Full House,3,4,1,569.3,1.3,2.0,0.0,2.0,0.0,0.0,0.0,0.0,1.0,7.0
0,928.0,1.0,27.0,324,Straight,2,3,0,464.0,0.5,0.0,0.0,0.0,3.0,1.0,2.0,0.0,0.0,3.0
0,896.0,5.0,38.0,316,Straight,2,3,0,448.0,2.5,0.0,0.0,0.0,0.0,0.0,1.0,0.0,3.0,6.0
0,784.0,4.0,36.0,324,Full House,2,3,0,392.0,2.0,0.0,0.0,1.0,1.0,0.0,2.0,0.0,0.0,5.0
0,1729.0,3.0,59.0,360,Full House,3,4,1,576.3,1.0,1.0,0.0,1.0,0.0,0.0,3.0,0.0,2.0,7.0
0,3100.0,5.0,63.0,700,Four of a Kind,4,5,1,775.0,1.2,4.0,1.0,2.0,0.0,0.0,1.0,0.0,4.0,3.0
0,1664.0,4.0,53.0,368,Full House,3,4,1,554.7,1.3,1.0,0.0,1.0,0.0,0.0,3.0,0.0,0.0,7.0
0,1051.0,4.0,39.0,316,Flush,2,3,0,525.5,2.0,2.0,0.0,0.0,0.0,0.0,0.0,0.0,3.0,5.0
0,1032.0,4.0,40.0,324,Straight,2,3,0,516.0,2.0,0.0,0.0,0.0,0.0,0.0,2.0,0.0,2.0,6.0
0,0.0,0.0,8.0,220,Straight,0,1,0,0.0,0.0,0.0,0.0,0.0,3.0,0.0,1.0,0.0,0.0,0.0
0,2658.0,7.0,59.0,360,Full House,4,5,1,664.5,1.8,1.0,0.0,3.0,0.0,1.0,3.0,0.0,2.0,4.0
0,1580.0,5.0,44.0,368,Full House,3,4,1,526.7,1.7,0.0,0.0,2.0,2.0,0.0,1.0,0.0,1.0,6.0
0,3264.0,10.0,67.0,700,Four of a Kind,4,5,1,816.0,2.5,3.0,1.0,4.0,0.0,0.0,1.0,0.0,1.0,5.0
0,316.0,2.0,24.0,200,Straight,1,2,0,316.0,2.0,0.0,0.0,0.0,0.0,0.0,1.0,0.0,1.0,4.0
0,368.0,0.0,21.0,368,Full House,1,2,0,368.0,0.0,0.0,0.0,1.0,0.0,0.0,0.0,0.0,0.0,4.0
0,2508.0,5.0,70.0,320,Full House,4,5,1,627.0,1.2,2.0,0.0,2.0,0.0,0.0,6.0,0.0,0.0,5.0
0,2299.0,6.0,67.0,372,Full House,4,5,1,574.8,1.5,1.0,0.0,3.0,1.0,1.0,0.0,0.0,0.0,11.0
0,2284.0,9.0,61.0,324,Straight,4,5,1,571.0,2.2,2.0,0.0,1.0,1.0,0.0,6.0,0.0,1.0,3.0
0,2544.0,6.0,69.0,372,Full House,4,5,1,636.0,1.5,1.0,0.0,2.0,0.0,1.0,5.0,0.0,1.0,6.0
0,3088.0,7.0,72.0,1192,Straight Flush,4,5,1,772.0,1.8,1.0,0.0,3.0,0.0,0.0,3.0,1.0,0.0,8.0
0,1244.0,4.0,34.0,372,Full House,2,3,0,622.0,2.0,1.0,0.0,1.0,1.0,1.0,2.0,0.0,1.0,2.0
0,1807.0,4.0,46.0,348,Full House,3,4,1,602.3,1.3,3.0,0.0,2.0,1.0,0.0,1.0,0.0,1.0,3.0
0,1004.0,4.0,36.0,360,Full House,2,3,0,502.0,2.0,0.0,0.0,1.0,1.0,0.0,2.0,0.0,0.0,5.0
0,548.0,1.0,24.0,348,Full House,1,2,0,548.0,1.0,0.0,0.0,1.0,0.0,3.0,1.0,0.0,0.0,2.0
0,1532.0,6.0,56.0,368,Full House,3,4,1,510.7,2.0,2.0,0.0,1.0,0.0,1.0,0.0,0.0,1.0,9.0
0,0.0,0.0,9.0,96,Two Pair,0,1,0,0.0,0.0,0.0,0.0,0.0,1.0,2.0,0.0,0.0,0.0,1.0
0,512.0,3.0,24.0,312,Full House,1,2,0,512.0,3.0,0.0,0.0,1.0,1.0,1.0,0.0,0.0,0.0,4.0
0,2524.0,7.0,74.0,368,Full House,4,5,1,631.0,1.8,4.0,0.0,2.0,0.0,1.0,2.0,0.0,0.0,8.0
0,1520.0,7.0,42.0,332,Full House,3,4,1,506.7,2.3,2.0,0.0,2.0,1.0,2.0,1.0,0.0,0.0,3.0
0,1886.0,6.0,51.0,336,Full House,3,4,1,628.7,2.0,0.0,0.0,1.0,0.0,2.0,4.0,0.0,2.0,4.0
0,1060.0,4.0,40.0,360,Full House,2,3,0,530.0,2.0,1.0,0.0,1.0,0.0,0.0,2.0,0.0,0.0,5.0
0,824.0,2.0,24.0,700,Four of a Kind,1,2,0,824.0,2.0,0.0,1.0,0.0,0.0,0.0,0.0,0.0,0.0,5.0
0,2376.0,5.0,62.0,700,Four of a Kind,3,4,1,792.0,1.7,5.0,1.0,1.0,0.0,0.0,0.0,0.0,0.0,7.0
0,806.0,5.0,41.0,256,Full House,2,3,0,403.0,2.5,0.0,0.0,1.0,0.0,0.0,1.0,0.0,1.0,7.0
0,913.0,5.0,21.0,324,Straight,2,3,0,456.5,2.5,0.0,0.0,0.0,4.0,0.0,2.0,0.0,1.0,1.0
0,1977.0,3.0,53.0,324,Straight,3,4,1,659.0,1.0,1.0,0.0,1.0,0.0,0.0,4.0,0.0,1.0,5.0
0,1564.0,1.0,46.0,372,Full House,3,4,1,521.3,0.3,1.0,0.0,3.0,0.0,0.0,2.0,0.0,0.0,4.0
0,1304.0,5.0,40.0,324,Straight,2,3,0,652.0,2.5,1.0,0.0,1.0,0.0,0.0,2.0,0.0,0.0,5.0
0,1424.0,5.0,37.0,372,Full House,3,4,1,474.7,1.7,1.0,0.0,2.0,2.0,1.0,2.0,0.0,0.0,2.0
0,1788.0,3.0,33.0,1000,Straight Flush,2,3,0,894.0,1.5,1.0,0.0,0.0,0.0,3.0,1.0,1.0,0.0,3.0
0,2444.0,9.0,76.0,700,Four of a Kind,4,5,1,611.0,2.2,3.0,1.0,1.0,0.0,1.0,2.0,0.0,0.0,10.0
0,0.0,0.0,11.0,124,Two Pair,0,1,0,0.0,0.0,0.0,0.0,0.0,1.0,1.0,0.0,0.0,0.0,2.0
0,2694.0,8.0,74.0,372,Full House,4,5,1,673.5,2.0,3.0,0.0,3.0,0.0,2.0,1.0,0.0,1.0,8.0
0,1260.0,6.0,34.0,372,Full House,2,3,0,630.0,3.0,1.0,0.0,2.0,0.0,1.0,0.0,0.0,3.0,2.0
0,1781.0,6.0,48.0,368,Full House,3,4,1,593.7,2.0,1.0,0.0,1.0,0.0,3.0,2.0,0.0,2.0,4.0
0,2632.0,6.0,63.0,360,Full House,4,5,1,658.0,1.5,0.0,0.0,2.0,1.0,0.0,6.0,0.0,2.0,4.0
0,332.0,0.0,21.0,264,Full House,1,2,0,332.0,0.0,0.0,0.0,1.0,1.0,0.0,0.0,0.0,1.0,3.0
0,1556.0,3.0,44.0,368,Full House,3,4,1,518.7,1.0,1.0,0.0,1.0,0.0,0.0,2.0,0.0,0.0,6.0
0,444.0,1.0,29.0,220,Straight,1,2,0,444.0,1.0,0.0,0.0,0.0,0.0,0.0,1.0,0.0,0.0,6.0
0,808.0,3.0,35.0,316,Straight,2,3,0,404.0,1.5,0.0,0.0,0.0,0.0,2.0,1.0,0.0,2.0,5.0
0,1804.0,7.0,48.0,372,Full House,3,4,1,601.3,2.3,2.0,0.0,1.0,0.0,0.0,2.0,0.0,1.0,5.0
0,1896.0,4.0,53.0,372,Full House,3,4,1,632.0,1.3,2.0,0.0,3.0,0.0,0.0,0.0,0.0,0.0,7.0
0,1099.0,5.0,49.0,308,Straight,2,3,0,549.5,2.5,0.0,0.0,0.0,0.0,0.0,2.0,0.0,1.0,9.0
0,0.0,0.0,8.0,189,Three of a Kind,0,1,0,0.0,0.0,0.0,0.0,0.0,1.0,2.0,0.0,0.0,1.0,0.0
0,1052.0,4.0,45.0,308,Straight,2,3,0,526.0,2.0,1.0,0.0,0.0,0.0,0.0,1.0,0.0,1.0,8.0
0,492.0,2.0,29.0,296,Straight,1,2,0,492.0,2.0,0.0,0.0,0.0,0.0,0.0,1.0,0.0,0.0,6.0
0,2400.0,6.0,66.0,360,Full House,4,5,1,600.0,1.5,3.0,0.0,1.0,0.0,1.0,2.0,0.0,2.0,7.0
0,915.0,2.0,35.0,320,Flush,2,3,0,457.5,1.0,1.0,0.0,0.0,0.0,1.0,1.0,0.0,1.0,5.0
0,1784.0,5.0,62.0,324,Straight,3,4,1,594.7,1.7,1.0,0.0,0.0,0.0,1.0,4.0,0.0,1.0,8.0
0,808.0,3.0,38.0,264,Full House,2,3,0,404.0,1.5,0.0,0.0,1.0,0.0,1.0,0.0,0.0,1.0,7.0
0,432.0,1.0,18.0,324,Straight,1,2,0,432.0,1.0,0.0,0.0,0.0,2.0,1.0,2.0,0.0,0.0,1.0
0,1604.0,6.0,49.0,368,Full House,3,4,1,534.7,2.0,2.0,0.0,2.0,0.0,1.0,0.0,0.0,1.0,6.0
0,868.0,2.0,25.0,324,Straight,2,3,0,434.0,1.0,0.0,0.0,0.0,1.0,1.0,3.0,0.0,1.0,1.0
0,0.0,0.0,10.0,124,Two Pair,0,1,0,0.0,0.0,0.0,0.0,0.0,2.0,0.0,0.0,0.0,0.0,2.0
0,1480.0,7.0,51.0,360,Full House,3,4,1,493.3,2.3,0.0,0.0,1.0,0.0,0.0,4.0,0.0,2.0,5.0
0,1736.0,6.0,51.0,324,Straight,3,4,1,578.7,2.0,3.0,0.0,1.0,0.0,0.0,3.0,0.0,0.0,4.0
0,2163.0,6.0,51.0,700,Four of a Kind,3,4,1,721.0,2.0,1.0,1.0,0.0,1.0,0.0,3.0,0.0,2.0,5.0
0,892.0,0.0,37.0,248,Flush,2,3,0,446.0,0.0,1.0,0.0,0.0,1.0,0.0,3.0,0.0,0.0,4.0
0,1376.0,2.0,40.0,372,Full House,2,3,0,688.0,1.0,1.0,0.0,1.0,0.0,0.0,1.0,0.0,3.0,4.0
0,2368.0,3.0,68.0,332,Flush,4,5,1,592.0,0.8,1.0,0.0,3.0,0.0,1.0,3.0,0.0,1.0,7.0
0,1216.0,3.0,32.0,360,Full House,2,3,0,608.0,1.5,0.0,0.0,3.0,1.0,2.0,0.0,0.0,0.0,3.0
0,0.0,0.0,8.0,124,Two Pair,0,1,0,0.0,0.0,0.0,0.0,0.0,2.0,1.0,0.0,0.0,0.0,1.0
0,1022.0,2.0,39.0,316,Straight,2,3,0,511.0,1.0,1.0,0.0,0.0,1.0,0.0,2.0,0.0,1.0,5.0
0,1004.0,1.0,31.0,304,Full House,2,3,0,502.0,0.5,1.0,0.0,1.0,0.0,2.0,1.0,0.0,0.0,3.0
0,400.0,1.0,25.0,304,Full House,1,2,0,400.0,1.0,0.0,0.0,1.0,0.0,0.0,0.0,0.0,0.0,5.0
0,904.0,1.0,32.0,336,Full House,2,3,0,452.0,0.5,2.0,0.0,1.0,0.0,0.0,1.0,0.0,0.0,3.0
0,2286.0,7.0,67.0,328,Flush,4,5,1,571.5,1.8,1.0,0.0,0.0,0.0,1.0,3.0,0.0,3.0,9.0
0,1525.0,7.0,45.0,372,Full House,3,4,1,508.3,2.3,0.0,0.0,2.0,0.0,0.0,2.0,0.0,3.0,4.0
0,420.0,3.0,23.0,336,Flush,1,2,0,420.0,3.0,1.0,0.0,0.0,0.0,1.0,0.0,0.0,0.0,4.0
0,1096.0,2.0,40.0,348,Full House,2,3,0,548.0,1.0,1.0,0.0,1.0,0.0,0.0,0.0,0.0,2.0,6.0
0,1080.0,4.0,39.0,324,Straight,2,3,0,540.0,2.0,0.0,0.0,0.0,0.0,0.0,3.0,0.0,0.0,6.0
0,300.0,0.0,21.0,300,Flush,1,2,0,300.0,0.0,1.0,0.0,0.0,0.0,0.0,0.0,0.0,0.0,4.0
0,2348.0,6.0,58.0,324,Straight,4,5,1,587.0,1.5,3.0,0.0,0.0,1.0,0.0,6.0,0.0,0.0,3.0
0,420.0,1.0,22.0,308,Straight,1,2,0,420.0,1.0,0.0,0.0,0.0,0.0,1.0,1.0,0.0,1.0,3.0
0,1220.0,1.0,45.0,328,Flush,2,3,0,610.0,0.5,1.0,0.0,0.0,1.0,0.0,3.0,0.0,0.0,6.0
0,2627.0,5.0,69.0,324,Straight,4,5,1,656.8,1.2,3.0,0.0,0.0,1.0,0.0,7.0,0.0,2.0,3.0
0,1104.0,3.0,33.0,372,Full House,2,3,0,552.0,1.5,1.0,0.0,1.0,1.0,2.0,2.0,0.0,0.0,2.0
0,1732.0,4.0,52.0,372,Full House,3,4,1,577.3,1.3,2.0,0.0,2.0,0.0,0.0,0.0,0.0,0.0,8.0
0,1719.0,7.0,48.0,372,Full House,3,4,1,573.0,2.3,1.0,0.0,2.0,0.0,1.0,2.0,0.0,3.0,3.0
0,2512.0,11.0,62.0,700,Four of a Kind,4,5,1,628.0,2.8,2.0,1.0,2.0,0.0,0.0,2.0,0.0,0.0,7.0
0,1784.0,3.0,50.0,368,Full House,3,4,1,594.7,1.0,1.0,0.0,3.0,0.0,2.0,2.0,0.0,0.0,4.0
0,2168.0,8.0,55.0,700,Four of a Kind,3,4,1,722.7,2.7,2.0,1.0,1.0,0.0,0.0,1.0,0.0,1.0,7.0
0,1660.0,6.0,51.0,352,Full House,3,4,1,553.3,2.0,2.0,0.0,1.0,0.0,0.0,2.0,0.0,2.0,5.0
0,1468.0,7.0,44.0,368,Full House,3,4,1,489.3,2.3,2.0,0.0,1.0,1.0,1.0,2.0,0.0,0.0,4.0
0,917.0,3.0,35.0,268,Flush,2,3,0,458.5,1.5,2.0,0.0,0.0,0.0,1.0,0.0,0.0,1.0,5.0
0,2524.0,5.0,74.0,312,Flush,4,5,1,631.0,1.2,3.0,0.0,1.0,0.0,0.0,3.0,0.0,1.0,9.0
0,2388.0,8.0,61.0,588,Four of a Kind,4,5,1,597.0,2.0,2.0,1.0,3.0,0.0,1.0,2.0,0.0,0.0,5.0
0,2621.0,7.0,75.0,332,Flush,4,5,1,655.2,1.8,2.0,0.0,1.0,0.0,0.0,3.0,0.0,3.0,9.0
0,396.0,1.0,21.0,316,Straight,1,2,0,396.0,1.0,0.0,0.0,0.0,0.0,2.0,1.0,0.0,0.0,3.0
0,2496.0,6.0,65.0,360,Full House,4,5,1,624.0,1.5,3.0,0.0,3.0,0.0,0.0,3.0,0.0,0.0,5.0
0,1264.0,2.0,38.0,336,Full House,2,3,0,632.0,1.0,4.0,0.0,1.0,1.0,0.0,0.0,0.0,0.0,3.0
0,784.0,2.0,32.0,332,Flush,2,3,0,392.0,1.0,1.0,0.0,0.0,0.0,2.0,0.0,0.0,1.0,5.0
0,2900.0,6.0,75.0,372,Full House,4,5,1,725.0,1.5,2.0,0.0,6.0,0.0,0.0,3.0,0.0,0.0,5.0
0,1467.0,8.0,33.0,368,Full House,3,4,1,489.0,2.7,0.0,0.0,2.0,2.0,0.0,3.0,0.0,2.0,0.0
0,2391.0,5.0,67.0,360,Full House,4,5,1,597.8,1.2,0.0,0.0,2.0,0.0,1.0,5.0,0.0,2.0,6.0
0,1437.0,3.0,43.0,324,Straight,3,4,1,479.0,1.0,0.0,0.0,1.0,1.0,0.0,2.0,0.0,1.0,6.0
0,1802.0,4.0,53.0,324,Straight,3,4,1,600.7,1.3,1.0,0.0,1.0,1.0,0.0,2.0,0.0,4.0,5.0
0,1756.0,2.0,45.0,372,Full House,3,4,1,585.3,0.7,2.0,0.0,1.0,0.0,1.0,2.0,0.0,2.0,3.0
0,1804.0,6.0,57.0,368,Full House,3,4,1,601.3,2.0,3.0,0.0,1.0,0.0,0.0,0.0,0.0,3.0,7.0
0,1456.0,2.0,56.0,320,Flush,3,4,1,485.3,0.7,2.0,0.0,1.0,0.0,0.0,1.0,0.0,0.0,9.0
0,804.0,5.0,34.0,300,Full House,2,3,0,402.0,2.5,0.0,0.0,1.0,1.0,1.0,0.0,0.0,2.0,5.0
0,2716.0,5.0,74.0,368,Full House,4,5,1,679.0,1.2,2.0,0.0,3.0,0.0,1.0,4.0,0.0,1.0,6.0
0,344.0,1.0,17.0,344,Full House,1,2,0,344.0,1.0,0.0,0.0,1.0,0.0,2.0,0.0,0.0,0.0,2.0
0,868.0,0.0,32.0,372,Full House,2,3,0,434.0,0.0,1.0,0.0,1.0,0.0,1.0,1.0,0.0,1.0,3.0
0,1656.0,6.0,48.0,360,Full House,3,4,1,552.0,2.0,0.0,0.0,2.0,1.0,0.0,2.0,0.0,1.0,6.0
0,1268.0,4.0,28.0,644,Four of a Kind,2,3,0,634.0,2.0,0.0,1.0,0.0,0.0,2.0,1.0,0.0,1.0,3.0
0,1896.0,4.0,54.0,368,Full House,3,4,1,632.0,1.3,2.0,0.0,3.0,0.0,0.0,1.0,0.0,0.0,6.0
0,4063.0,7.0,69.0,1176,Straight Flush,5,6,1,812.6,1.4,3.0,0.0,2.0,1.0,1.0,1.0,1.0,5.0,4.0
0,1724.0,1.0,56.0,372,Full House,3,4,1,574.7,0.3,2.0,0.0,1.0,0.0,0.0,2.0,0.0,1.0,7.0
0,1724.0,6.0,49.0,356,Full House,3,4,1,574.7,2.0,2.0,0.0,3.0,0.0,2.0,1.0,0.0,1.0,3.0
0,1815.0,3.0,43.0,700,Four of a Kind,3,4,1,605.0,1.0,2.0,1.0,1.0,1.0,0.0,1.0,0.0,2.0,3.0
0,1009.0,4.0,36.0,324,Straight,2,3,0,504.5,2.0,1.0,0.0,0.0,0.0,0.0,1.0,0.0,2.0,5.0
0,1820.0,4.0,52.0,344,Full House,3,4,1,606.7,1.3,1.0,0.0,3.0,0.0,1.0,2.0,0.0,0.0,5.0
0,1020.0,3.0,30.0,324,Full House,2,3,0,510.0,1.5,0.0,0.0,1.0,1.0,2.0,1.0,0.0,1.0,3.0
0,2617.0,7.0,68.0,332,Flush,4,5,1,654.2,1.8,2.0,0.0,0.0,0.0,0.0,7.0,0.0,1.0,5.0
0,1056.0,1.0,27.0,308,Straight,2,3,0,528.0,0.5,0.0,0.0,1.0,4.0,0.0,2.0,0.0,0.0,2.0
0,400.0,2.0,18.0,296,Flush,1,2,0,400.0,2.0,1.0,0.0,0.0,2.0,0.0,0.0,0.0,1.0,2.0
0,412.0,0.0,22.0,324,Straight,1,2,0,412.0,0.0,0.0,0.0,0.0,1.0,0.0,1.0,0.0,0.0,4.0
0,1508.0,3.0,45.0,324,Straight,3,4,1,502.7,1.0,2.0,0.0,1.0,0.0,2.0,2.0,0.0,0.0,4.0
0,884.0,6.0,35.0,324,Straight,2,3,0,442.0,3.0,0.0,0.0,0.0,0.0,2.0,3.0,0.0,0.0,4.0
0,2765.0,4.0,75.0,372,Full House,4,5,1,691.2,1.0,3.0,0.0,4.0,0.0,1.0,0.0,0.0,2.0,8.0
0,1520.0,6.0,54.0,324,Straight,3,4,1,506.7,2.0,1.0,0.0,0.0,1.0,0.0,1.0,0.0,1.0,10.0
0,1128.0,1.0,32.0,296,Flush,2,3,0,564.0,0.5,4.0,0.0,1.0,1.0,1.0,0.0,0.0,0.0,1.0
0,1702.0,2.0,48.0,360,Full House,3,4,1,567.3,0.7,1.0,0.0,2.0,0.0,2.0,2.0,0.0,1.0,4.0
0,900.0,4.0,44.0,324,Straight,2,3,0,450.0,2.0,0.0,0.0,0.0,0.0,0.0,1.0,0.0,1.0,9.0
0,812.0,2.0,37.0,260,Straight,2,3,0,406.0,1.0,0.0,0.0,0.0,1.0,0.0,1.0,0.0,1.0,7.0
0,396.0,1.0,21.0,292,Flush,1,2,0,396.0,1.0,1.0,0.0,0.0,0.0,2.0,0.0,0.0,0.0,3.0
0,1860.0,3.0,55.0,360,Full House,3,4,1,620.0,1.0,2.0,0.0,2.0,0.0,0.0,1.0,0.0,2.0,6.0
0,1237.0,4.0,34.0,372,Full House,2,3,0,618.5,2.0,1.0,0.0,2.0,1.0,0.0,0.0,0.0,2.0,3.0
0,1580.0,3.0,49.0,372,Full House,3,4,1,526.7,1.0,0.0,0.0,2.0,0.0,0.0,4.0,0.0,1.0,4.0
0,1668.0,8.0,52.0,360,Full House,3,4,1,556.0,2.7,2.0,0.0,1.0,0.0,0.0,2.0,0.0,1.0,6.0
0,2540.0,7.0,73.0,372,Full House,4,5,1,635.0,1.8,0.0,0.0,3.0,0.0,0.0,4.0,0.0,2.0,8.0
0,1609.0,4.0,52.0,372,Full House,3,4,1,536.3,1.3,0.0,0.0,3.0,0.0,3.0,0.0,0.0,1.0,7.0
0,793.0,5.0,32.0,296,Straight,2,3,0,396.5,2.5,0.0,0.0,0.0,1.0,0.0,1.0,0.0,2.0,5.0
0,2022.0,4.0,58.0,368,Full House,3,4,1,674.0,1.3,3.0,0.0,3.0,0.0,2.0,1.0,0.0,1.0,4.0
0,1676.0,6.0,49.0,368,Full House,3,4,1,558.7,2.0,1.0,0.0,3.0,0.0,0.0,2.0,0.0,1.0,4.0
0,1674.0,1.0,55.0,356,Full House,3,4,1,558.0,0.3,2.0,0.0,2.0,0.0,1.0,2.0,0.0,1.0,5.0
0,369.0,2.0,16.0,324,Straight,1,2,0,369.0,2.0,0.0,0.0,0.0,1.0,2.0,1.0,0.0,2.0,0.0
0,1164.0,5.0,37.0,360,Full House,2,3,0,582.0,2.5,1.0,0.0,2.0,0.0,1.0,0.0,0.0,0.0,5.0
0,1580.0,6.0,48.0,368,Full House,3,4,1,526.7,2.0,0.0,0.0,3.0,0.0,2.0,2.0,0.0,1.0,4.0
0,1076.0,3.0,41.0,324,Straight,2,3,0,538.0,1.5,0.0,0.0,0.0,0.0,0.0,2.0,0.0,1.0,7.0
0,497.0,1.0,15.0,308,Straight,1,2,0,497.0,1.0,0.0,0.0,0.0,1.0,3.0,1.0,0.0,1.0,0.0
0,1456.0,3.0,46.0,332,Full House,3,4,1,485.3,1.0,2.0,0.0,1.0,0.0,2.0,3.0,0.0,0.0,3.0
0,2616.0,4.0,68.0,372,Full House,4,5,1,654.0,1.0,2.0,0.0,3.0,0.0,0.0,3.0,0.0,0.0,7.0
0,464.0,1.0,25.0,360,Full House,1,2,0,464.0,1.0,0.0,0.0,1.0,0.0,0.0,0.0,0.0,0.0,5.0
0,1480.0,1.0,48.0,348,Full House,3,4,1,493.3,0.3,2.0,0.0,1.0,1.0,0.0,1.0,0.0,1.0,6.0
0,1120.0,4.0,41.0,372,Full House,2,3,0,560.0,2.0,1.0,0.0,1.0,1.0,1.0,0.0,0.0,0.0,7.0
0,1503.0,6.0,51.0,368,Full House,3,4,1,501.0,2.0,1.0,0.0,2.0,0.0,0.0,1.0,0.0,1.0,7.0
0,1748.0,2.0,56.0,360,Full House,3,4,1,582.7,0.7,3.0,0.0,1.0,0.0,0.0,0.0,0.0,0.0,9.0
0,1652.0,5.0,40.0,1080,Straight Flush,2,3,0,826.0,2.5,0.0,0.0,0.0,0.0,2.0,0.0,1.0,1.0,7.0
0,1036.0,1.0,38.0,348,Full House,2,3,0,518.0,0.5,1.0,0.0,2.0,0.0,2.0,0.0,0.0,1.0,4.0
0,388.0,0.0,15.0,308,Straight,1,2,0,388.0,0.0,0.0,0.0,0.0,2.0,2.0,1.0,0.0,0.0,1.0
0,926.0,6.0,34.0,372,Full House,2,3,0,463.0,3.0,1.0,0.0,1.0,2.0,0.0,0.0,0.0,2.0,4.0
0,1627.0,2.0,42.0,700,Four of a Kind,3,4,1,542.3,0.7,0.0,1.0,0.0,0.0,0.0,3.0,0.0,1.0,5.0
0,1512.0,5.0,56.0,320,Full House,3,4,1,504.0,1.7,1.0,0.0,1.0,0.0,0.0,0.0,0.0,2.0,10.0
0,1500.0,4.0,52.0,316,Flush,3,4,1,500.0,1.3,3.0,0.0,1.0,0.0,1.0,2.0,0.0,0.0,5.0
0,1459.0,1.0,45.0,324,Straight,3,4,1,486.3,0.3,1.0,0.0,0.0,0.0,1.0,3.0,0.0,1.0,5.0
0,1692.0,5.0,35.0,700,Four of a Kind,3,4,1,564.0,1.7,0.0,1.0,2.0,0.0,1.0,1.0,0.0,2.0,2.0
0,2477.0,6.0,58.0,360,Full House,4,5,1,619.2,1.5,1.0,0.0,1.0,0.0,0.0,5.0,0.0,1.0,5.0
0,2306.0,4.0,69.0,332,Flush,4,5,1,576.5,1.0,4.0,0.0,0.0,0.0,0.0,3.0,0.0,2.0,7.0
0,1119.0,6.0,41.0,324,Straight,2,3,0,559.5,3.0,1.0,0.0,1.0,0.0,0.0,1.0,0.0,2.0,5.0
0,0.0,0.0,10.0,116,Two Pair,0,1,0,0.0,0.0,0.0,0.0,0.0,2.0,0.0,0.0,0.0,0.0,2.0
0,1017.0,1.0,35.0,304,Flush,2,3,0,508.5,0.5,2.0,0.0,1.0,1.0,0.0,1.0,0.0,2.0,2.0
0,1872.0,3.0,56.0,372,Full House,3,4,1,624.0,1.0,2.0,0.0,3.0,0.0,0.0,0.0,0.0,1.0,7.0
0,1784.0,5.0,53.0,368,Full House,3,4,1,594.7,1.7,0.0,0.0,1.0,2.0,0.0,2.0,0.0,0.0,9.0
0,308.0,1.0,21.0,308,Straight,1,2,0,308.0,1.0,0.0,0.0,0.0,0.0,0.0,1.0,0.0,0.0,4.0
0,1649.0,8.0,49.0,316,Straight,3,4,1,549.7,2.7,1.0,0.0,1.0,0.0,0.0,3.0,0.0,4.0,3.0
0,829.0,3.0,23.0,324,Straight,2,3,0,414.5,1.5,0.0,0.0,0.0,2.0,0.0,3.0,0.0,2.0,0.0
0,1681.0,3.0,52.0,292,Flush,3,4,1,560.3,1.0,2.0,0.0,0.0,0.0,1.0,3.0,0.0,3.0,4.0
0,2864.0,5.0,76.0,332,Full House,4,5,1,716.0,1.2,0.0,0.0,3.0,0.0,0.0,7.0,0.0,2.0,5.0
0,388.0,1.0,21.0,324,Straight,1,2,0,388.0,1.0,0.0,0.0,0.0,0.0,2.0,1.0,0.0,0.0,3.0
0,888.0,2.0,34.0,352,Full House,2,3,0,444.0,1.0,0.0,0.0,1.0,0.0,0.0,1.0,0.0,0.0,6.0
0,1764.0,3.0,61.0,316,Straight,3,4,1,588.0,1.0,2.0,0.0,1.0,0.0,0.0,2.0,0.0,0.0,9.0
0,2344.0,4.0,55.0,700,Four of a Kind,3,4,1,781.3,1.3,1.0,1.0,1.0,0.0,2.0,2.0,0.0,1.0,6.0
0,2576.0,8.0,63.0,372,Full House,4,5,1,644.0,2.0,2.0,0.0,2.0,1.0,0.0,4.0,0.0,2.0,4.0
0,1659.0,5.0,38.0,316,Flush,3,4,1,553.0,1.7,1.0,0.0,0.0,2.0,1.0,3.0,0.0,2.0,2.0
0,1404.0,5.0,53.0,324,Straight,3,4,1,468.0,1.7,0.0,0.0,0.0,0.0,1.0,4.0,0.0,1.0,7.0
0,2696.0,7.0,69.0,360,Full House,4,5,1,674.0,1.8,3.0,0.0,4.0,1.0,0.0,2.0,0.0,1.0,5.0
0,384.0,1.0,27.0,124,Two Pair,1,2,0,384.0,1.0,0.0,0.0,0.0,1.0,1.0,0.0,0.0,0.0,6.0
0,444.0,0.0,16.0,320,Full House,1,2,0,444.0,0.0,0.0,0.0,1.0,3.0,0.0,0.0,0.0,0.0,2.0
0,1164.0,3.0,40.0,368,Full House,2,3,0,582.0,1.5,2.0,0.0,1.0,0.0,0.0,1.0,0.0,0.0,5.0
0,2908.0,7.0,70.0,372,Full House,4,5,1,727.0,1.8,2.0,0.0,1.0,1.0,0.0,7.0,0.0,1.0,4.0
0,1980.0,5.0,54.0,372,Full House,3,4,1,660.0,1.7,1.0,0.0,2.0,0.0,0.0,3.0,0.0,0.0,6.0
0,1784.0,6.0,57.0,360,Full House,3,4,1,594.7,2.0,2.0,0.0,1.0,0.0,1.0,1.0,0.0,1.0,8.0
0,2585.0,6.0,66.0,328,Full House,4,5,1,646.2,1.5,4.0,0.0,2.0,0.0,1.0,3.0,0.0,1.0,4.0
0,2512.0,5.0,64.0,372,Full House,4,5,1,628.0,1.2,2.0,0.0,3.0,0.0,0.0,3.0,0.0,0.0,6.0
0,1102.0,5.0,32.0,372,Full House,2,3,0,551.0,2.5,0.0,0.0,3.0,0.0,1.0,0.0,0.0,1.0,3.0
0,328.0,0.0,16.0,328,Full House,1,2,0,328.0,0.0,1.0,0.0,1.0,2.0,0.0,0.0,0.0,0.0,1.0
0,2460.0,8.0,63.0,372,Full House,4,5,1,615.0,2.0,2.0,0.0,2.0,0.0,0.0,2.0,0.0,3.0,6.0
0,1520.0,4.0,43.0,324,Straight,3,4,1,506.7,1.3,1.0,0.0,0.0,1.0,1.0,4.0,0.0,1.0,3.0
0,1584.0,7.0,61.0,336,Full House,3,4,1,528.0,2.3,1.0,0.0,2.0,0.0,1.0,1.0,0.0,1.0,9.0
0,2302.0,7.0,74.0,348,Full House,4,5,1,575.5,1.8,0.0,0.0,2.0,0.0,1.0,4.0,0.0,2.0,9.0
0,884.0,3.0,30.0,360,Full House,2,3,0,442.0,1.5,0.0,0.0,2.0,1.0,1.0,1.0,0.0,0.0,3.0
0,2940.0,10.0,84.0,368,Full House,4,5,1,735.0,2.5,1.0,0.0,2.0,0.0,1.0,7.0,0.0,0.0,8.0
0,576.0,0.0,32.0,280,Straight,1,2,0,576.0,0.0,0.0,0.0,0.0,0.0,0.0,1.0,0.0,1.0,6.0
0,1512.0,0.0,49.0,324,Straight,3,4,1,504.0,0.0,1.0,0.0,1.0,0.0,2.0,3.0,0.0,0.0,5.0
0,1180.0,2.0,33.0,476,Four of a Kind,2,3,0,590.0,1.0,0.0,1.0,1.0,0.0,0.0,1.0,0.0,1.0,4.0
0,1401.0,7.0,46.0,360,Full House,3,4,1,467.0,2.3,1.0,0.0,1.0,0.0,4.0,1.0,0.0,1.0,5.0
0,1146.0,5.0,39.0,324,Straight,2,3,0,573.0,2.5,0.0,0.0,0.0,0.0,1.0,3.0,0.0,2.0,4.0
0,388.0,2.0,19.0,284,Flush,1,2,0,388.0,2.0,1.0,0.0,0.0,0.0,3.0,0.0,0.0,0.0,2.0
0,1496.0,5.0,46.0,324,Straight,3,4,1,498.7,1.7,1.0,0.0,0.0,1.0,1.0,3.0,0.0,1.0,5.0
0,1009.0,4.0,36.0,324,Straight,2,3,0,504.5,2.0,0.0,0.0,0.0,0.0,0.0,2.0,0.0,2.0,5.0
0,1608.0,6.0,49.0,324,Full House,3,4,1,536.0,2.0,2.0,0.0,2.0,0.0,0.0,1.0,0.0,0.0,6.0
0,2624.0,6.0,66.0,368,Full House,4,5,1,656.0,1.5,4.0,0.0,4.0,1.0,0.0,1.0,0.0,0.0,5.0
0,524.0,3.0,28.0,280,Straight,1,2,0,524.0,3.0,0.0,0.0,0.0,0.0,0.0,1.0,0.0,1.0,5.0
0,2725.0,7.0,68.0,700,Four of a Kind,4,5,1,681.2,1.8,2.0,1.0,1.0,0.0,2.0,2.0,0.0,1.0,8.0
0,2552.0,8.0,70.0,368,Full House,4,5,1,638.0,2.0,2.0,0.0,3.0,0.0,1.0,3.0,0.0,0.0,7.0
0,1080.0,3.0,35.0,360,Full House,2,3,0,540.0,1.5,0.0,0.0,1.0,0.0,0.0,2.0,0.0,0.0,5.0
0,1677.0,4.0,47.0,360,Full House,3,4,1,559.0,1.3,0.0,0.0,2.0,2.0,1.0,2.0,0.0,1.0,5.0
0,1666.0,1.0,42.0,360,Full House,3,4,1,555.3,0.3,2.0,0.0,2.0,1.0,1.0,0.0,0.0,1.0,4.0
0,304.0,3.0,17.0,124,Two Pair,1,2,0,304.0,3.0,0.0,0.0,0.0,3.0,1.0,0.0,0.0,0.0,3.0
0,1676.0,3.0,50.0,328,Flush,3,4,1,558.7,1.0,5.0,0.0,0.0,0.0,0.0,1.0,0.0,0.0,5.0
0,528.0,1.0,28.0,260,Straight,1,2,0,528.0,1.0,0.0,0.0,0.0,0.0,0.0,1.0,0.0,1.0,5.0
0,2426.0,9.0,61.0,700,Four of a Kind,4,5,1,606.5,2.2,2.0,1.0,2.0,0.0,1.0,1.0,0.0,2.0,6.0
0,2617.0,6.0,63.0,368,Full House,4,5,1,654.2,1.5,2.0,0.0,3.0,0.0,0.0,3.0,0.0,1.0,5.0
0,1857.0,1.0,56.0,316,Flush,3,4,1,619.0,0.3,3.0,0.0,0.0,0.0,0.0,3.0,0.0,2.0,5.0
0,908.0,3.0,31.0,324,Straight,2,3,0,454.0,1.5,0.0,0.0,0.0,0.0,0.0,3.0,0.0,0.0,4.0
0,1476.0,4.0,43.0,372,Full House,3,4,1,492.0,1.3,1.0,0.0,2.0,0.0,1.0,2.0,0.0,0.0,4.0
0,2769.0,5.0,70.0,372,Full House,4,5,1,692.2,1.2,5.0,0.0,3.0,0.0,0.0,0.0,0.0,2.0,6.0
0,0.0,0.0,9.0,124,Two Pair,0,1,0,0.0,0.0,0.0,0.0,0.0,1.0,2.0,0.0,0.0,0.0,1.0
0,1076.0,2.0,33.0,368,Full House,2,3,0,538.0,1.0,0.0,0.0,1.0,0.0,0.0,2.0,0.0,2.0,3.0
0,2531.0,8.0,69.0,728,Four of a Kind,4,5,1,632.8,2.0,4.0,1.0,1.0,0.0,0.0,1.0,0.0,1.0,8.0
0,1660.0,1.0,48.0,324,Straight,3,4,1,553.3,0.3,3.0,0.0,2.0,1.0,0.0,2.0,0.0,0.0,3.0
0,1545.0,3.0,49.0,316,Straight,3,4,1,515.0,1.0,1.0,0.0,2.0,0.0,0.0,3.0,0.0,1.0,4.0
0,888.0,4.0,33.0,360,Full House,2,3,0,444.0,2.0,0.0,0.0,1.0,0.0,0.0,1.0,0.0,1.0,5.0
0,0.0,0.0,7.0,180,Three of a Kind,0,1,0,0.0,0.0,0.0,0.0,0.0,2.0,1.0,0.0,0.0,1.0,0.0
0,912.0,4.0,43.0,368,Full House,2,3,0,456.0,2.0,1.0,0.0,1.0,1.0,0.0,0.0,0.0,0.0,8.0
0,900.0,4.0,36.0,324,Straight,2,3,0,450.0,2.0,0.0,0.0,0.0,0.0,1.0,3.0,0.0,1.0,4.0
0,1661.0,8.0,51.0,340,Flush,3,4,1,553.7,2.7,1.0,0.0,0.0,0.0,1.0,3.0,0.0,3.0,5.0
0,0.0,0.0,10.0,72,Two Pair,0,1,0,0.0,0.0,0.0,0.0,0.0,0.0,3.0,0.0,0.0,0.0,1.0
0,404.0,3.0,22.0,180,Three of a Kind,1,2,0,404.0,3.0,0.0,0.0,0.0,3.0,0.0,0.0,0.0,1.0,4.0
0,1472.0,2.0,54.0,344,Full House,3,4,1,490.7,0.7,1.0,0.0,1.0,1.0,0.0,1.0,0.0,2.0,8.0
0,332.0,3.0,23.0,180,Three of a Kind,1,2,0,332.0,3.0,0.0,0.0,0.0,0.0,2.0,0.0,0.0,1.0,4.0
0,2284.0,7.0,41.0,728,Four of a Kind,3,4,1,761.3,2.3,0.0,2.0,1.0,0.0,0.0,4.0,0.0,0.0,2.0
0,897.0,2.0,31.0,280,Straight,2,3,0,448.5,1.0,0.0,0.0,0.0,1.0,2.0,1.0,0.0,3.0,3.0
0,1561.0,3.0,43.0,336,Flush,3,4,1,520.3,1.0,2.0,0.0,0.0,0.0,0.0,2.0,0.0,1.0,5.0
0,1584.0,4.0,53.0,372,Full House,3,4,1,528.0,1.3,1.0,0.0,2.0,0.0,0.0,2.0,0.0,0.0,7.0
0,1466.0,3.0,58.0,340,Full House,3,4,1,488.7,1.0,0.0,0.0,1.0,0.0,0.0,2.0,0.0,1.0,10.0
0,860.0,3.0,40.0,220,Straight,2,3,0,430.0,1.5,0.0,0.0,0.0,1.0,1.0,1.0,0.0,0.0,8.0
0,492.0,3.0,22.0,372,Full House,1,2,0,492.0,3.0,0.0,0.0,1.0,1.0,0.0,0.0,0.0,0.0,4.0
0,308.0,0.0,15.0,308,Straight,1,2,0,308.0,0.0,0.0,0.0,0.0,0.0,3.0,1.0,0.0,0.0,1.0
0,2650.0,4.0,74.0,348,Full House,4,5,1,662.5,1.0,2.0,0.0,4.0,0.0,0.0,2.0,0.0,2.0,7.0
0,348.0,3.0,21.0,288,Flush,1,2,0,348.0,3.0,1.0,0.0,0.0,0.0,2.0,0.0,0.0,0.0,3.0
0,1628.0,9.0,52.0,344,Full House,3,4,1,542.7,3.0,2.0,0.0,1.0,1.0,1.0,0.0,0.0,2.0,7.0
0,1876.0,5.0,59.0,316,Straight,3,4,1,625.3,1.7,0.0,0.0,1.0,1.0,0.0,5.0,0.0,0.0,7.0
0,960.0,1.0,35.0,324,Straight,2,3,0,480.0,0.5,1.0,0.0,0.0,0.0,0.0,2.0,0.0,0.0,5.0
0,368.0,2.0,14.0,368,Full House,1,2,0,368.0,2.0,0.0,0.0,1.0,1.0,2.0,0.0,0.0,0.0,1.0
0,396.0,0.0,20.0,272,Flush,1,2,0,396.0,0.0,1.0,0.0,0.0,1.0,1.0,0.0,0.0,0.0,3.0
0,938.0,2.0,33.0,316,Straight,2,3,0,469.0,1.0,0.0,0.0,0.0,0.0,0.0,3.0,0.0,2.0,3.0
0,2716.0,2.0,62.0,532,Four of a Kind,4,5,1,679.0,0.5,2.0,1.0,1.0,2.0,1.0,3.0,0.0,0.0,6.0
0,912.0,4.0,42.0,352,Full House,2,3,0,456.0,2.0,0.0,0.0,1.0,1.0,0.0,1.0,0.0,1.0,7.0
0,1964.0,4.0,37.0,700,Four of a Kind,3,4,1,654.7,1.3,1.0,1.0,1.0,1.0,1.0,1.0,0.0,1.0,3.0
0,2631.0,4.0,68.0,372,Full House,4,5,1,657.8,1.0,3.0,0.0,2.0,1.0,1.0,2.0,0.0,2.0,6.0
0,1965.0,4.0,48.0,700,Four of a Kind,3,4,1,655.0,1.3,0.0,1.0,1.0,0.0,0.0,4.0,0.0,1.0,4.0
0,1036.0,1.0,23.0,700,Four of a Kind,2,3,0,518.0,0.5,0.0,1.0,1.0,0.0,1.0,0.0,0.0,0.0,3.0
0,1564.0,6.0,53.0,340,Flush,3,4,1,521.3,2.0,3.0,0.0,0.0,0.0,1.0,1.0,0.0,1.0,7.0
0,0.0,0.0,9.0,88,Two Pair,0,1,0,0.0,0.0,0.0,0.0,0.0,1.0,2.0,0.0,0.0,0.0,1.0
0,1132.0,6.0,40.0,320,Flush,2,3,0,566.0,3.0,2.0,0.0,1.0,0.0,1.0,0.0,0.0,1.0,5.0
0,1352.0,2.0,41.0,368,Full House,2,3,0,676.0,1.0,1.0,0.0,2.0,1.0,0.0,1.0,0.0,0.0,5.0
0,2496.0,6.0,62.0,700,Four of a Kind,4,5,1,624.0,1.5,2.0,1.0,3.0,0.0,0.0,1.0,0.0,0.0,7.0
0,1740.0,8.0,50.0,372,Full House,3,4,1,580.0,2.7,2.0,0.0,4.0,0.0,2.0,0.0,0.0,0.0,4.0
0,2589.0,3.0,67.0,348,Full House,4,5,1,647.2,0.8,2.0,0.0,2.0,0.0,0.0,4.0,0.0,1.0,6.0
0,2040.0,7.0,51.0,700,Four of a Kind,3,4,1,680.0,2.3,3.0,1.0,1.0,0.0,1.0,1.0,0.0,0.0,5.0
0,1664.0,6.0,44.0,368,Full House,3,4,1,554.7,2.0,0.0,0.0,3.0,0.0,0.0,2.0,0.0,1.0,4.0
0,1829.0,4.0,51.0,372,Full House,3,4,1,609.7,1.3,2.0,0.0,2.0,0.0,0.0,2.0,0.0,3.0,3.0
0,1028.0,4.0,35.0,316,Straight,2,3,0,514.0,2.0,0.0,0.0,0.0,1.0,2.0,2.0,0.0,0.0,5.0
0,1700.0,4.0,49.0,368,Full House,3,4,1,566.7,1.3,4.0,0.0,1.0,0.0,2.0,1.0,0.0,1.0,3.0
0,1739.0,6.0,45.0,328,Flush,3,4,1,579.7,2.0,3.0,0.0,0.0,0.0,0.0,3.0,0.0,1.0,3.0
0,1100.0,3.0,42.0,336,Full House,2,3,0,550.0,1.5,0.0,0.0,1.0,0.0,0.0,2.0,0.0,1.0,6.0
0,408.0,1.0,27.0,180,Three of a Kind,1,2,0,408.0,1.0,0.0,0.0,0.0,0.0,0.0,0.0,0.0,1.0,6.0
0,3072.0,7.0,74.0,372,Full House,4,5,1,768.0,1.8,0.0,0.0,7.0,0.0,0.0,2.0,0.0,3.0,5.0
0,1416.0,6.0,37.0,372,Full House,3,4,1,472.0,2.0,1.0,0.0,1.0,2.0,1.0,1.0,0.0,2.0,3.0
0,1626.0,7.0,51.0,356,Full House,3,4,1,542.0,2.3,0.0,0.0,2.0,1.0,0.0,2.0,0.0,2.0,6.0
0,1975.0,5.0,60.0,368,Full House,3,4,1,658.3,1.7,2.0,0.0,1.0,1.0,1.0,0.0,0.0,2.0,9.0
0,1568.0,4.0,40.0,368,Full House,3,4,1,522.7,1.3,2.0,0.0,1.0,1.0,1.0,3.0,0.0,1.0,1.0
0,1741.0,7.0,52.0,360,Full House,3,4,1,580.3,2.3,1.0,0.0,1.0,0.0,0.0,1.0,0.0,3.0,7.0
0,1740.0,5.0,53.0,368,Full House,3,4,1,580.0,1.7,0.0,0.0,2.0,0.0,0.0,4.0,0.0,1.0,5.0
0,1480.0,5.0,53.0,324,Straight,3,4,1,493.3,1.7,2.0,0.0,0.0,0.0,1.0,2.0,0.0,1.0,7.0
0,1732.0,4.0,53.0,328,Full House,3,4,1,577.3,1.3,1.0,0.0,2.0,0.0,0.0,2.0,0.0,0.0,7.0
0,2668.0,8.0,71.0,356,Full House,4,5,1,667.0,2.0,3.0,0.0,2.0,0.0,0.0,2.0,0.0,0.0,9.0
0,1551.0,3.0,43.0,324,Flush,3,4,1,517.0,1.0,2.0,0.0,2.0,1.0,2.0,0.0,0.0,2.0,3.0
0,527.0,0.0,25.0,296,Straight,1,2,0,527.0,0.0,0.0,0.0,0.0,0.0,1.0,1.0,0.0,2.0,3.0
0,1532.0,6.0,49.0,360,Full House,3,4,1,510.7,2.0,1.0,0.0,1.0,0.0,0.0,3.0,0.0,0.0,6.0
0,2496.0,4.0,63.0,356,Full House,4,5,1,624.0,1.0,2.0,0.0,4.0,0.0,0.0,1.0,0.0,0.0,7.0
0,312.0,2.0,16.0,312,Full House,1,2,0,312.0,2.0,0.0,0.0,1.0,2.0,0.0,1.0,0.0,0.0,1.0
0,951.0,5.0,37.0,280,Straight,2,3,0,475.5,2.5,0.0,0.0,0.0,3.0,0.0,3.0,0.0,1.0,4.0
0,876.0,4.0,39.0,312,Flush,2,3,0,438.0,2.0,2.0,0.0,0.0,0.0,1.0,0.0,0.0,1.0,6.0
0,1056.0,1.0,28.0,728,Four of a Kind,2,3,0,528.0,0.5,0.0,1.0,0.0,0.0,2.0,0.0,0.0,0.0,5.0
0,1052.0,2.0,42.0,336,Flush,2,3,0,526.0,1.0,2.0,0.0,0.0,1.0,1.0,1.0,0.0,0.0,6.0
0,1284.0,4.0,40.0,372,Full House,2,3,0,642.0,2.0,0.0,0.0,3.0,0.0,0.0,1.0,0.0,0.0,5.0
0,1703.0,2.0,46.0,324,Straight,3,4,1,567.7,0.7,1.0,0.0,1.0,0.0,0.0,3.0,0.0,3.0,3.0
0,1613.0,3.0,56.0,316,Straight,3,4,1,537.7,1.0,3.0,0.0,0.0,0.0,0.0,2.0,0.0,1.0,7.0
0,311.0,3.0,20.0,171,Three of a Kind,1,2,0,311.0,3.0,0.0,0.0,0.0,2.0,2.0,0.0,0.0,2.0,2.0
0,612.0,1.0,26.0,316,Straight,1,2,0,612.0,1.0,1.0,0.0,0.0,0.0,0.0,1.0,0.0,0.0,4.0
0,884.0,3.0,34.0,348,Full House,2,3,0,442.0,1.5,0.0,0.0,2.0,0.0,0.0,0.0,0.0,0.0,6.0
0,400.0,1.0,20.0,280,Flush,1,2,0,400.0,1.0,1.0,0.0,0.0,1.0,1.0,0.0,0.0,0.0,3.0
0,2740.0,10.0,65.0,372,Full House,4,5,1,685.0,2.5,1.0,0.0,4.0,0.0,3.0,3.0,0.0,1.0,4.0
0,360.0,2.0,18.0,360,Full House,1,2,0,360.0,2.0,0.0,0.0,1.0,0.0,1.0,0.0,0.0,1.0,2.0
0,404.0,3.0,22.0,280,Straight,1,2,0,404.0,3.0,0.0,0.0,0.0,1.0,0.0,1.0,0.0,0.0,4.0
0,2900.0,6.0,70.0,368,Full House,4,5,1,725.0,1.5,1.0,0.0,4.0,0.0,0.0,5.0,0.0,0.0,5.0
0,1872.0,7.0,53.0,368,Full House,3,4,1,624.0,2.3,2.0,0.0,1.0,0.0,0.0,1.0,0.0,3.0,6.0
0,0.0,0.0,12.0,124,Two Pair,0,1,0,0.0,0.0,0.0,0.0,0.0,0.0,2.0,0.0,0.0,0.0,2.0
0,2543.0,6.0,70.0,372,Full House,4,5,1,635.8,1.5,0.0,0.0,4.0,0.0,0.0,1.0,0.0,3.0,9.0
0,1300.0,2.0,29.0,672,Four of a Kind,2,3,0,650.0,1.0,0.0,1.0,0.0,2.0,1.0,1.0,0.0,0.0,4.0
0,1676.0,3.0,46.0,332,Flush,3,4,1,558.7,1.0,2.0,0.0,1.0,2.0,0.0,2.0,0.0,1.0,4.0
0,940.0,2.0,35.0,316,Straight,2,3,0,470.0,1.0,2.0,0.0,0.0,1.0,0.0,1.0,0.0,1.0,4.0
0,912.0,2.0,24.0,312,Full House,2,3,0,456.0,1.0,2.0,0.0,1.0,1.0,2.0,0.0,0.0,0.0,1.0
0,800.0,3.0,35.0,296,Straight,2,3,0,400.0,1.5,0.0,0.0,0.0,0.0,3.0,1.0,0.0,0.0,6.0
0,1958.0,4.0,52.0,344,Full House,3,4,1,652.7,1.3,0.0,0.0,1.0,0.0,0.0,4.0,0.0,1.0,6.0
0,924.0,3.0,34.0,324,Straight,2,3,0,462.0,1.5,0.0,0.0,0.0,0.0,0.0,3.0,0.0,1.0,4.0
0,1455.0,6.0,48.0,324,Straight,3,4,1,485.0,2.0,2.0,0.0,0.0,0.0,1.0,2.0,0.0,2.0,5.0
0,2328.0,10.0,61.0,372,Full House,4,5,1,582.0,2.5,1.0,0.0,2.0,0.0,0.0,4.0,0.0,2.0,5.0
0,1056.0,2.0,29.0,372,Full House,2,3,0,528.0,1.0,1.0,0.0,2.0,0.0,1.0,1.0,0.0,1.0,1.0
0,336.0,1.0,23.0,220,Straight,1,2,0,336.0,1.0,0.0,0.0,0.0,0.0,1.0,1.0,0.0,0.0,4.0
0,2329.0,6.0,73.0,372,Full House,4,5,1,582.2,1.5,1.0,0.0,2.0,1.0,0.0,1.0,0.0,4.0,10.0
0,1688.0,2.0,42.0,700,Four of a Kind,3,4,1,562.7,0.7,0.0,1.0,0.0,0.0,1.0,2.0,0.0,2.0,5.0
0,1472.0,3.0,50.0,316,Straight,3,4,1,490.7,1.0,1.0,0.0,0.0,0.0,0.0,5.0,0.0,0.0,5.0
0,1788.0,5.0,53.0,336,Full House,3,4,1,596.0,1.7,1.0,0.0,1.0,0.0,1.0,2.0,0.0,1.0,7.0
0,1588.0,3.0,45.0,308,Straight,3,4,1,529.3,1.0,0.0,0.0,1.0,2.0,1.0,2.0,0.0,2.0,5.0
0,1653.0,7.0,47.0,372,Full House,3,4,1,551.0,2.3,2.0,0.0,2.0,0.0,0.0,1.0,0.0,2.0,4.0
0,1725.0,4.0,54.0,324,Straight,3,4,1,575.0,1.3,1.0,0.0,0.0,0.0,1.0,4.0,0.0,1.0,6.0
0,1560.0,4.0,45.0,324,Straight,3,4,1,520.0,1.3,0.0,0.0,1.0,0.0,2.0,4.0,0.0,0.0,4.0
0,1620.0,6.0,49.0,360,Full House,3,4,1,540.0,2.0,0.0,0.0,1.0,0.0,1.0,3.0,0.0,1.0,6.0
0,832.0,2.0,32.0,324,Straight,2,3,0,416.0,1.0,1.0,0.0,0.0,0.0,0.0,1.0,0.0,2.0,4.0
0,1740.0,5.0,53.0,360,Full House,3,4,1,580.0,1.7,0.0,0.0,2.0,0.0,0.0,3.0,0.0,0.0,7.0
0,1804.0,3.0,51.0,360,Full House,3,4,1,601.3,1.0,2.0,0.0,2.0,0.0,0.0,3.0,0.0,0.0,4.0
0,1564.0,3.0,52.0,356,Full House,3,4,1,521.3,1.0,1.0,0.0,3.0,0.0,0.0,1.0,0.0,1.0,6.0
0,889.0,3.0,32.0,308,Straight,2,3,0,444.5,1.5,0.0,0.0,0.0,1.0,0.0,1.0,0.0,2.0,5.0
0,1540.0,3.0,39.0,700,Four of a Kind,3,4,1,513.3,1.0,0.0,1.0,1.0,2.0,0.0,0.0,0.0,0.0,7.0
0,852.0,4.0,27.0,368,Full House,2,3,0,426.0,2.0,2.0,0.0,1.0,2.0,1.0,0.0,0.0,0.0,2.0
0,324.0,2.0,19.0,324,Straight,1,2,0,324.0,2.0,0.0,0.0,0.0,0.0,1.0,1.0,0.0,0.0,3.0
0,2576.0,6.0,66.0,372,Full House,4,5,1,644.0,1.5,3.0,0.0,2.0,0.0,2.0,5.0,0.0,0.0,3.0
0,1484.0,5.0,44.0,336,Full House,3,4,1,494.7,1.7,0.0,0.0,1.0,0.0,0.0,4.0,0.0,1.0,4.0
0,1080.0,5.0,33.0,368,Full House,2,3,0,540.0,2.5,0.0,0.0,1.0,0.0,2.0,1.0,0.0,1.0,4.0
0,1852.0,4.0,51.0,348,Full House,3,4,1,617.3,1.3,1.0,0.0,1.0,0.0,0.0,5.0,0.0,0.0,4.0
0,0.0,0.0,11.0,100,Two Pair,0,1,0,0.0,0.0,0.0,0.0,0.0,1.0,1.0,0.0,0.0,0.0,2.0
0,1556.0,7.0,55.0,368,Full House,3,4,1,518.7,2.3,1.0,0.0,2.0,1.0,0.0,0.0,0.0,1.0,9.0
0,808.0,4.0,22.0,368,Full House,2,3,0,404.0,2.0,1.0,0.0,1.0,2.0,1.0,0.0,0.0,0.0,2.0
0,2840.0,3.0,65.0,1192,Straight Flush,3,4,1,946.7,1.0,2.0,0.0,0.0,0.0,0.0,3.0,1.0,1.0,8.0
0,2476.0,7.0,65.0,360,Full House,4,5,1,619.0,1.8,2.0,0.0,2.0,0.0,1.0,3.0,0.0,4.0,4.0
0,1444.0,3.0,36.0,360,Full House,3,4,1,481.3,1.0,0.0,0.0,3.0,0.0,1.0,1.0,0.0,2.0,2.0
0,1904.0,6.0,62.0,368,Full House,3,4,1,634.7,2.0,1.0,0.0,1.0,1.0,0.0,3.0,0.0,0.0,9.0
0,640.0,1.0,29.0,352,Full House,1,2,0,640.0,1.0,0.0,0.0,1.0,1.0,1.0,1.0,0.0,0.0,4.0
0,328.0,1.0,26.0,120,Two Pair,1,2,0,328.0,1.0,0.0,0.0,0.0,0.0,1.0,0.0,0.0,0.0,6.0
0,1561.0,6.0,41.0,324,Straight,3,4,1,520.3,2.0,1.0,0.0,1.0,1.0,0.0,3.0,0.0,1.0,3.0
0,320.0,0.0,23.0,120,Two Pair,1,2,0,320.0,0.0,0.0,0.0,0.0,1.0,1.0,0.0,0.0,0.0,5.0
0,1608.0,6.0,59.0,348,Full House,3,4,1,536.0,2.0,0.0,0.0,1.0,0.0,0.0,3.0,0.0,1.0,9.0
0,1004.0,3.0,35.0,316,Flush,2,3,0,502.0,1.5,2.0,0.0,0.0,1.0,2.0,0.0,0.0,0.0,5.0
0,1429.0,5.0,54.0,324,Straight,3,4,1,476.3,1.7,0.0,0.0,0.0,0.0,0.0,4.0,0.0,2.0,7.0
0,2741.0,5.0,72.0,348,Full House,4,5,1,685.2,1.2,3.0,0.0,5.0,0.0,0.0,1.0,0.0,1.0,6.0
0,532.0,2.0,29.0,316,Straight,1,2,0,532.0,2.0,0.0,0.0,0.0,0.0,0.0,1.0,0.0,0.0,6.0
0,864.0,3.0,38.0,352,Full House,2,3,0,432.0,1.5,0.0,0.0,1.0,0.0,0.0,1.0,0.0,0.0,7.0
0,1032.0,1.0,30.0,324,Straight,2,3,0,516.0,0.5,0.0,0.0,1.0,1.0,1.0,2.0,0.0,0.0,3.0
0,716.0,2.0,19.0,476,Four of a Kind,1,2,0,716.0,2.0,0.0,1.0,0.0,2.0,1.0,0.0,0.0,1.0,2.0
0,1701.0,4.0,47.0,316,Straight,3,4,1,567.0,1.3,2.0,0.0,0.0,1.0,2.0,3.0,0.0,3.0,2.0
0,1696.0,6.0,57.0,344,Full House,3,4,1,565.3,2.0,0.0,0.0,3.0,0.0,0.0,0.0,0.0,2.0,9.0
0,2054.0,8.0,51.0,728,Four of a Kind,3,4,1,684.7,2.7,0.0,1.0,0.0,0.0,3.0,3.0,0.0,2.0,5.0
0,1884.0,3.0,49.0,356,Full House,3,4,1,628.0,1.0,1.0,0.0,1.0,0.0,0.0,5.0,0.0,2.0,2.0
0,312.0,3.0,24.0,108,Two Pair,1,2,0,312.0,3.0,0.0,0.0,0.0,0.0,4.0,0.0,0.0,0.0,4.0
0,2996.0,9.0,73.0,360,Full House,4,5,1,749.0,2.2,3.0,0.0,5.0,1.0,0.0,1.0,0.0,1.0,6.0
0,2503.0,9.0,63.0,372,Full House,4,5,1,625.8,2.2,1.0,0.0,3.0,0.0,1.0,2.0,0.0,1.0,7.0
0,1474.0,3.0,42.0,360,Full House,3,4,1,491.3,1.0,0.0,0.0,3.0,1.0,0.0,3.0,0.0,1.0,2.0
0,1504.0,7.0,47.0,336,Full House,3,4,1,501.3,2.3,1.0,0.0,1.0,0.0,2.0,1.0,0.0,4.0,4.0
0,1616.0,5.0,55.0,368,Full House,3,4,1,538.7,1.7,1.0,0.0,1.0,0.0,0.0,2.0,0.0,1.0,8.0
0,992.0,4.0,23.0,324,Straight,2,3,0,496.0,2.0,1.0,0.0,1.0,4.0,0.0,1.0,0.0,0.0,1.0
0,2625.0,7.0,76.0,356,Full House,4,5,1,656.2,1.8,3.0,0.0,1.0,0.0,0.0,3.0,0.0,3.0,8.0
0,0.0,0.0,7.0,120,Two Pair,0,1,0,0.0,0.0,0.0,0.0,0.0,3.0,0.0,0.0,0.0,0.0,1.0
0,1056.0,3.0,27.0,372,Full House,2,3,0,528.0,1.5,0.0,0.0,2.0,0.0,2.0,2.0,0.0,1.0,0.0
0,1032.0,4.0,43.0,320,Full House,2,3,0,516.0,2.0,1.0,0.0,1.0,0.0,0.0,1.0,0.0,0.0,7.0
0,1692.0,6.0,48.0,360,Full House,3,4,1,564.0,2.0,2.0,0.0,1.0,2.0,0.0,3.0,0.0,0.0,4.0
0,756.0,4.0,32.0,300,Full House,2,3,0,378.0,2.0,0.0,0.0,1.0,0.0,2.0,0.0,0.0,1.0,5.0
0,1576.0,5.0,55.0,328,Full House,3,4,1,525.3,1.7,0.0,0.0,2.0,0.0,0.0,1.0,0.0,0.0,10.0
0,324.0,0.0,13.0,324,Straight,1,2,0,324.0,0.0,0.0,0.0,0.0,0.0,4.0,1.0,0.0,0.0,0.0
0,1712.0,5.0,59.0,300,Flush,3,4,1,570.7,1.7,3.0,0.0,0.0,0.0,0.0,1.0,0.0,1.0,9.0
0,896.0,3.0,40.0,280,Flush,2,3,0,448.0,1.5,1.0,0.0,0.0,0.0,0.0,0.0,0.0,1.0,8.0
0,1512.0,4.0,49.0,372,Full House,3,4,1,504.0,1.3,2.0,0.0,2.0,0.0,1.0,0.0,0.0,1.0,6.0
0,1128.0,3.0,37.0,368,Full House,2,3,0,564.0,1.5,0.0,0.0,1.0,0.0,0.0,2.0,0.0,2.0,4.0
0,1709.0,2.0,46.0,336,Full House,3,4,1,569.7,0.7,1.0,0.0,1.0,0.0,2.0,2.0,0.0,2.0,4.0
0,1020.0,3.0,39.0,324,Full House,2,3,0,510.0,1.5,2.0,0.0,1.0,1.0,0.0,0.0,0.0,1.0,5.0
0,1789.0,4.0,55.0,312,Full House,3,4,1,596.3,1.3,2.0,0.0,1.0,0.0,0.0,2.0,0.0,2.0,6.0
0,1020.0,3.0,41.0,324,Straight,2,3,0,510.0,1.5,0.0,0.0,1.0,0.0,3.0,2.0,0.0,0.0,5.0
0,2752.0,6.0,75.0,372,Full House,4,5,1,688.0,1.5,0.0,0.0,5.0,0.0,0.0,3.0,0.0,1.0,8.0
0,1048.0,1.0,34.0,324,Straight,2,3,0,524.0,0.5,0.0,0.0,1.0,0.0,0.0,2.0,0.0,1.0,4.0
0,1881.0,4.0,50.0,368,Full House,3,4,1,627.0,1.3,0.0,0.0,4.0,2.0,0.0,1.0,0.0,1.0,5.0
0,1599.0,6.0,56.0,300,Flush,3,4,1,533.0,2.0,3.0,0.0,0.0,0.0,0.0,0.0,0.0,3.0,8.0
0,1508.0,5.0,50.0,324,Straight,3,4,1,502.7,1.7,0.0,0.0,2.0,0.0,0.0,2.0,0.0,2.0,6.0
0,1736.0,5.0,58.0,296,Flush,3,4,1,578.7,1.7,3.0,0.0,0.0,1.0,1.0,1.0,0.0,1.0,8.0
0,1668.0,5.0,48.0,324,Straight,3,4,1,556.0,1.7,0.0,0.0,1.0,0.0,1.0,5.0,0.0,0.0,4.0
0,763.0,4.0,32.0,324,Straight,2,3,0,381.5,2.0,0.0,0.0,0.0,3.0,2.0,1.0,0.0,0.0,5.0
0,1537.0,2.0,45.0,324,Flush,3,4,1,512.3,0.7,4.0,0.0,0.0,0.0,0.0,2.0,0.0,1.0,3.0
0,848.0,1.0,35.0,336,Full House,2,3,0,424.0,0.5,1.0,0.0,1.0,0.0,0.0,1.0,0.0,0.0,5.0
0,1872.0,5.0,54.0,368,Full House,3,4,1,624.0,1.7,2.0,0.0,2.0,0.0,1.0,1.0,0.0,1.0,6.0
0,1548.0,4.0,47.0,360,Full House,3,4,1,516.0,1.3,1.0,0.0,3.0,0.0,0.0,0.0,0.0,1.0,6.0
0,1664.0,7.0,50.0,372,Full House,3,4,1,554.7,2.3,1.0,0.0,3.0,0.0,1.0,1.0,0.0,1.0,5.0
0,552.0,2.0,28.0,324,Straight,1,2,0,552.0,2.0,0.0,0.0,0.0,0.0,0.0,1.0,0.0,1.0,5.0
0,324.0,2.0,21.0,324,Straight,1,2,0,324.0,2.0,0.0,0.0,0.0,0.0,0.0,1.0,0.0,0.0,4.0
0,416.0,0.0,25.0,336,Full House,1,2,0,416.0,0.0,0.0,0.0,1.0,0.0,0.0,0.0,0.0,0.0,5.0
0,0.0,0.0,10.0,124,Two Pair,0,1,0,0.0,0.0,0.0,0.0,0.0,0.0,3.0,0.0,0.0,0.0,1.0
0,1590.0,5.0,55.0,368,Full House,3,4,1,530.0,1.7,1.0,0.0,2.0,0.0,0.0,1.0,0.0,1.0,8.0
0,2627.0,3.0,70.0,348,Full House,4,5,1,656.8,0.8,5.0,0.0,3.0,0.0,1.0,1.0,0.0,1.0,5.0
0,2389.0,11.0,73.0,360,Full House,4,5,1,597.2,2.8,1.0,0.0,3.0,0.0,2.0,4.0,0.0,3.0,5.0
0,1704.0,7.0,57.0,372,Full House,3,4,1,568.0,2.3,2.0,0.0,1.0,0.0,2.0,2.0,0.0,0.0,7.0
0,924.0,4.0,39.0,360,Full House,2,3,0,462.0,2.0,1.0,0.0,1.0,1.0,0.0,0.0,0.0,0.0,7.0
0,2673.0,8.0,70.0,368,Full House,4,5,1,668.2,2.0,2.0,0.0,1.0,0.0,1.0,3.0,0.0,2.0,8.0
0,1300.0,2.0,35.0,700,Four of a Kind,2,3,0,650.0,1.0,1.0,1.0,0.0,0.0,1.0,0.0,0.0,0.0,6.0
0,1864.0,2.0,51.0,324,Straight,3,4,1,621.3,0.7,1.0,0.0,0.0,1.0,0.0,6.0,0.0,1.0,3.0
0,1481.0,7.0,51.0,324,Straight,3,4,1,493.7,2.3,1.0,0.0,0.0,1.0,0.0,2.0,0.0,1.0,8.0
0,1632.0,5.0,47.0,368,Full House,3,4,1,544.0,1.7,2.0,0.0,2.0,1.0,0.0,2.0,0.0,0.0,4.0
0,1563.0,8.0,47.0,348,Full House,3,4,1,521.0,2.7,1.0,0.0,1.0,0.0,1.0,2.0,0.0,3.0,4.0
0,980.0,3.0,36.0,372,Full House,2,3,0,490.0,1.5,0.0,0.0,2.0,1.0,0.0,1.0,0.0,0.0,5.0
0,908.0,3.0,36.0,308,Straight,2,3,0,454.0,1.5,1.0,0.0,0.0,0.0,1.0,1.0,0.0,0.0,6.0
0,936.0,2.0,38.0,324,Straight,2,3,0,468.0,1.0,0.0,0.0,0.0,0.0,0.0,3.0,0.0,1.0,5.0
0,2688.0,10.0,66.0,336,Full House,4,5,1,672.0,2.5,4.0,0.0,1.0,1.0,1.0,2.0,0.0,0.0,7.0
0,1108.0,3.0,36.0,316,Flush,2,3,0,554.0,1.5,3.0,0.0,0.0,0.0,0.0,1.0,0.0,0.0,4.0
0,989.0,4.0,34.0,352,Full House,2,3,0,494.5,2.0,2.0,0.0,1.0,0.0,0.0,0.0,0.0,1.0,4.0
0,1956.0,2.0,42.0,368,Full House,3,4,1,652.0,0.7,0.0,0.0,2.0,2.0,1.0,4.0,0.0,0.0,2.0
0,1464.0,5.0,28.0,700,Four of a Kind,2,3,0,732.0,2.5,1.0,1.0,2.0,1.0,2.0,0.0,0.0,0.0,1.0
0,1460.0,6.0,40.0,332,Flush,3,4,1,486.7,2.0,2.0,0.0,2.0,3.0,0.0,1.0,0.0,0.0,3.0
0,2716.0,11.0,69.0,368,Full House,4,5,1,679.0,2.8,2.0,0.0,4.0,0.0,0.0,3.0,0.0,0.0,6.0
0,332.0,0.0,25.0,260,Straight,1,2,0,332.0,0.0,0.0,0.0,0.0,0.0,0.0,1.0,0.0,0.0,5.0
0,1579.0,3.0,54.0,360,Full House,3,4,1,526.3,1.0,1.0,0.0,1.0,1.0,0.0,1.0,0.0,2.0,8.0
0,1504.0,2.0,52.0,316,Straight,3,4,1,501.3,0.7,1.0,0.0,1.0,0.0,1.0,4.0,0.0,0.0,5.0
0,824.0,6.0,32.0,324,Straight,2,3,0,412.0,3.0,1.0,0.0,0.0,1.0,3.0,1.0,0.0,1.0,3.0
0,2484.0,6.0,75.0,352,Full House,4,5,1,621.0,1.5,4.0,0.0,1.0,0.0,1.0,5.0,0.0,1.0,5.0
0,1581.0,2.0,56.0,360,Full House,3,4,1,527.0,0.7,1.0,0.0,2.0,0.0,0.0,2.0,0.0,1.0,7.0
0,1688.0,6.0,56.0,372,Full House,3,4,1,562.7,2.0,2.0,0.0,2.0,0.0,0.0,0.0,0.0,0.0,9.0
0,1597.0,6.0,43.0,360,Full House,3,4,1,532.3,2.0,1.0,0.0,2.0,0.0,1.0,1.0,0.0,3.0,3.0
0,2421.0,6.0,54.0,700,Four of a Kind,3,4,1,807.0,2.0,1.0,1.0,0.0,1.0,2.0,2.0,0.0,2.0,6.0
0,1596.0,5.0,38.0,356,Full House,3,4,1,532.0,1.7,1.0,0.0,1.0,2.0,1.0,2.0,0.0,2.0,2.0
0,1578.0,3.0,50.0,316,Straight,3,4,1,526.0,1.0,1.0,0.0,2.0,0.0,1.0,3.0,0.0,2.0,3.0
0,1908.0,6.0,62.0,360,Full House,3,4,1,636.0,2.0,2.0,0.0,1.0,0.0,0.0,3.0,0.0,0.0,8.0
0,508.0,1.0,29.0,288,Flush,1,2,0,508.0,1.0,1.0,0.0,0.0,0.0,0.0,0.0,0.0,0.0,6.0
0,868.0,4.0,35.0,324,Straight,2,3,0,434.0,2.0,0.0,0.0,0.0,0.0,0.0,1.0,0.0,2.0,6.0
0,2461.0,5.0,71.0,372,Full House,4,5,1,615.2,1.2,3.0,0.0,2.0,0.0,1.0,2.0,0.0,2.0,7.0
0,1970.0,1.0,52.0,360,Full House,3,4,1,656.7,0.3,3.0,0.0,3.0,2.0,0.0,1.0,0.0,1.0,3.0
0,1616.0,6.0,47.0,368,Full House,3,4,1,538.7,2.0,0.0,0.0,2.0,0.0,1.0,3.0,0.0,0.0,5.0
0,2468.0,2.0,59.0,1040,Straight Flush,3,4,1,822.7,0.7,1.0,0.0,0.0,0.0,0.0,3.0,1.0,2.0,7.0
0,1660.0,5.0,51.0,336,Full House,3,4,1,553.3,1.7,2.0,0.0,2.0,0.0,0.0,1.0,0.0,2.0,5.0
0,956.0,3.0,38.0,316,Straight,2,3,0,478.0,1.5,1.0,0.0,0.0,0.0,1.0,3.0,0.0,0.0,4.0
0,1038.0,3.0,31.0,368,Full House,2,3,0,519.0,1.5,1.0,0.0,1.0,1.0,2.0,1.0,0.0,1.0,2.0
0,928.0,0.0,28.0,336,Full House,2,3,0,464.0,0.0,1.0,0.0,1.0,1.0,0.0,1.0,0.0,0.0,3.0
0,2444.0,4.0,77.0,352,Full House,4,5,1,611.0,1.0,1.0,0.0,2.0,0.0,0.0,3.0,0.0,1.0,11.0
0,1564.0,5.0,44.0,368,Full House,3,4,1,521.3,1.7,2.0,0.0,2.0,0.0,0.0,1.0,0.0,1.0,4.0
0,812.0,2.0,32.0,360,Full House,2,3,0,406.0,1.0,1.0,0.0,2.0,1.0,0.0,0.0,0.0,0.0,4.0
0,584.0,3.0,26.0,324,Straight,1,2,0,584.0,3.0,0.0,0.0,0.0,0.0,0.0,2.0,0.0,0.0,4.0
0,1104.0,5.0,37.0,340,Flush,2,3,0,552.0,2.5,2.0,0.0,0.0,0.0,1.0,1.0,0.0,0.0,5.0
0,1796.0,2.0,46.0,372,Full House,3,4,1,598.7,0.7,1.0,0.0,3.0,0.0,0.0,2.0,0.0,0.0,4.0
0,1724.0,6.0,51.0,368,Full House,3,4,1,574.7,2.0,1.0,0.0,2.0,0.0,0.0,1.0,0.0,1.0,7.0
0,1700.0,5.0,57.0,324,Straight,3,4,1,566.7,1.7,1.0,0.0,1.0,0.0,0.0,3.0,0.0,0.0,8.0
0,1152.0,2.0,35.0,332,Full House,2,3,0,576.0,1.0,0.0,0.0,2.0,1.0,0.0,1.0,0.0,1.0,4.0
0,1867.0,2.0,60.0,372,Full House,3,4,1,622.3,0.7,2.0,0.0,1.0,0.0,0.0,2.0,0.0,1.0,8.0
0,2644.0,7.0,64.0,700,Four of a Kind,4,5,1,661.0,1.8,3.0,1.0,3.0,0.0,0.0,0.0,0.0,2.0,6.0
0,972.0,3.0,29.0,368,Full House,2,3,0,486.0,1.5,0.0,0.0,1.0,1.0,3.0,1.0,0.0,0.0,3.0
0,1925.0,3.0,50.0,360,Full House,3,4,1,641.7,1.0,1.0,0.0,1.0,1.0,0.0,4.0,0.0,1.0,4.0
0,780.0,1.0,28.0,368,Full House,2,3,0,390.0,0.5,0.0,0.0,1.0,0.0,1.0,1.0,0.0,0.0,4.0
0,756.0,5.0,31.0,368,Full House,2,3,0,378.0,2.5,0.0,0.0,1.0,0.0,3.0,0.0,0.0,0.0,5.0
0,436.0,2.0,22.0,324,Straight,1,2,0,436.0,2.0,0.0,0.0,0.0,1.0,0.0,1.0,0.0,0.0,4.0
0,884.0,2.0,42.0,260,Straight,2,3,0,442.0,1.0,0.0,0.0,0.0,0.0,0.0,1.0,0.0,3.0,7.0
0,1856.0,2.0,53.0,296,Flush,3,4,1,618.7,0.7,5.0,0.0,0.0,0.0,2.0,0.0,0.0,0.0,6.0
0,1714.0,5.0,53.0,368,Full House,3,4,1,571.3,1.7,1.0,0.0,3.0,0.0,0.0,2.0,0.0,1.0,5.0
0,808.0,3.0,26.0,316,Full House,2,3,0,404.0,1.5,1.0,0.0,1.0,1.0,2.0,0.0,0.0,1.0,2.0
0,1052.0,4.0,28.0,360,Full House,2,3,0,526.0,2.0,1.0,0.0,2.0,1.0,1.0,0.0,0.0,2.0,1.0
0,1417.0,4.0,44.0,324,Straight,3,4,1,472.3,1.3,1.0,0.0,1.0,0.0,1.0,1.0,0.0,1.0,6.0
0,968.0,1.0,42.0,296,Straight,2,3,0,484.0,0.5,0.0,0.0,0.0,0.0,0.0,2.0,0.0,0.0,8.0
0,2688.0,7.0,72.0,360,Full House,4,5,1,672.0,1.8,3.0,0.0,2.0,0.0,0.0,3.0,0.0,0.0,8.0
0,408.0,0.0,25.0,316,Straight,1,2,0,408.0,0.0,0.0,0.0,0.0,0.0,0.0,1.0,0.0,0.0,5.0
0,1636.0,3.0,52.0,340,Full House,3,4,1,545.3,1.0,2.0,0.0,1.0,0.0,0.0,1.0,0.0,0.0,8.0
0,1828.0,5.0,52.0,324,Straight,3,4,1,609.3,1.7,3.0,0.0,1.0,0.0,0.0,2.0,0.0,2.0,4.0
0,1052.0,3.0,36.0,368,Full House,2,3,0,526.0,1.5,0.0,0.0,1.0,0.0,0.0,3.0,0.0,0.0,4.0
0,988.0,2.0,30.0,360,Full House,2,3,0,494.0,1.0,1.0,0.0,3.0,0.0,1.0,0.0,0.0,0.0,2.0
0,2287.0,9.0,68.0,368,Full House,4,5,1,571.8,2.2,0.0,0.0,1.0,0.0,0.0,4.0,0.0,1.0,10.0
0,2489.0,7.0,69.0,360,Full House,4,5,1,622.2,1.8,4.0,0.0,2.0,0.0,1.0,2.0,0.0,1.0,6.0
0,348.0,2.0,28.0,120,Two Pair,1,2,0,348.0,2.0,0.0,0.0,0.0,0.0,0.0,0.0,0.0,0.0,7.0
0,1579.0,3.0,48.0,292,Flush,3,4,1,526.3,1.0,1.0,0.0,1.0,0.0,0.0,1.0,0.0,3.0,6.0
0,1449.0,6.0,49.0,360,Full House,3,4,1,483.0,2.0,1.0,0.0,1.0,1.0,4.0,1.0,0.0,3.0,4.0
0,2592.0,8.0,64.0,700,Four of a Kind,3,4,1,864.0,2.7,0.0,1.0,3.0,0.0,0.0,2.0,0.0,1.0,8.0
0,868.0,3.0,37.0,356,Full House,2,3,0,434.0,1.5,1.0,0.0,1.0,0.0,1.0,1.0,0.0,0.0,5.0
0,1676.0,6.0,58.0,328,Full House,3,4,1,558.7,2.0,0.0,0.0,1.0,0.0,0.0,3.0,0.0,2.0,8.0
0,1760.0,4.0,68.0,316,Straight,3,4,1,586.7,1.3,0.0,0.0,1.0,0.0,0.0,3.0,0.0,0.0,12.0
0,352.0,0.0,21.0,352,Full House,1,2,0,352.0,0.0,0.0,0.0,1.0,0.0,0.0,0.0,0.0,0.0,4.0
0,1652.0,2.0,53.0,372,Full House,3,4,1,550.7,0.7,0.0,0.0,2.0,1.0,1.0,1.0,0.0,1.0,8.0
0,1452.0,3.0,46.0,368,Full House,3,4,1,484.0,1.0,1.0,0.0,2.0,2.0,0.0,2.0,0.0,1.0,4.0
0,2464.0,4.0,67.0,372,Full House,4,5,1,616.0,1.0,3.0,0.0,2.0,0.0,0.0,3.0,0.0,1.0,6.0
0,1733.0,5.0,59.0,332,Flush,3,4,1,577.7,1.7,1.0,0.0,0.0,0.0,0.0,3.0,0.0,1.0,9.0
0,2293.0,3.0,61.0,336,Full House,4,5,1,573.2,0.8,2.0,0.0,1.0,0.0,0.0,4.0,0.0,2.0,5.0
0,1715.0,4.0,47.0,324,Straight,3,4,1,571.7,1.3,0.0,0.0,2.0,1.0,1.0,3.0,0.0,1.0,4.0
0,929.0,5.0,34.0,296,Flush,2,3,0,464.5,2.5,1.0,0.0,0.0,0.0,3.0,0.0,0.0,1.0,5.0
0,376.0,0.0,19.0,292,Flush,1,2,0,376.0,0.0,1.0,0.0,0.0,1.0,1.0,0.0,0.0,1.0,2.0
0,400.0,2.0,20.0,180,Three of a Kind,1,2,0,400.0,2.0,0.0,0.0,0.0,1.0,2.0,0.0,0.0,1.0,3.0
0,2887.0,5.0,73.0,360,Full House,4,5,1,721.8,1.2,6.0,0.0,1.0,1.0,0.0,3.0,0.0,2.0,4.0
0,0.0,0.0,10.0,108,Two Pair,0,1,0,0.0,0.0,0.0,0.0,0.0,2.0,0.0,0.0,0.0,0.0,2.0
0,3085.0,5.0,65.0,728,Four of a Kind,4,5,1,771.2,1.2,2.0,1.0,2.0,0.0,0.0,4.0,0.0,3.0,3.0
0,2089.0,5.0,57.0,360,Full House,3,4,1,696.3,1.7,1.0,0.0,2.0,0.0,0.0,3.0,0.0,1.0,6.0
0,2292.0,7.0,53.0,700,Four of a Kind,3,4,1,764.0,2.3,1.0,1.0,1.0,1.0,1.0,2.0,0.0,2.0,5.0
0,2536.0,4.0,62.0,372,Full House,4,5,1,634.0,1.0,0.0,0.0,4.0,1.0,0.0,5.0,0.0,0.0,4.0
0,944.0,5.0,34.0,368,Full House,2,3,0,472.0,2.5,2.0,0.0,1.0,1.0,1.0,0.0,0.0,0.0,4.0
0,2532.0,6.0,74.0,372,Full House,4,5,1,633.0,1.5,2.0,0.0,4.0,0.0,1.0,1.0,0.0,3.0,7.0
0,2276.0,1.0,59.0,672,Four of a Kind,4,5,1,569.0,0.2,0.0,1.0,1.0,0.0,0.0,3.0,0.0,1.0,8.0
0,2932.0,4.0,74.0,344,Full House,4,5,1,733.0,1.0,6.0,0.0,2.0,0.0,0.0,3.0,0.0,1.0,4.0
0,344.0,1.0,25.0,220,Straight,1,2,0,344.0,1.0,0.0,0.0,0.0,0.0,0.0,1.0,0.0,0.0,5.0
0,896.0,5.0,31.0,372,Full House,2,3,0,448.0,2.5,1.0,0.0,1.0,1.0,0.0,0.0,0.0,0.0,5.0
0,1685.0,5.0,51.0,368,Full House,3,4,1,561.7,1.7,0.0,0.0,1.0,0.0,0.0,3.0,0.0,5.0,4.0
0,1540.0,3.0,49.0,316,Flush,3,4,1,513.3,1.0,3.0,0.0,1.0,0.0,0.0,1.0,0.0,0.0,6.0
0,1793.0,5.0,51.0,360,Full House,3,4,1,597.7,1.7,1.0,0.0,1.0,0.0,0.0,3.0,0.0,2.0,5.0
0,1598.0,3.0,45.0,352,Full House,3,4,1,532.7,1.0,1.0,0.0,1.0,2.0,1.0,1.0,0.0,2.0,5.0
0,1540.0,6.0,46.0,348,Full House,3,4,1,513.3,2.0,1.0,0.0,2.0,0.0,1.0,2.0,0.0,1.0,4.0
0,1397.0,3.0,44.0,368,Full House,3,4,1,465.7,1.0,1.0,0.0,2.0,0.0,0.0,2.0,0.0,1.0,4.0
0,1473.0,3.0,53.0,280,Straight,3,4,1,491.0,1.0,0.0,0.0,1.0,0.0,2.0,1.0,0.0,1.0,9.0
0,2544.0,5.0,71.0,360,Full House,4,5,1,636.0,1.2,2.0,0.0,3.0,0.0,1.0,4.0,0.0,0.0,6.0
0,369.0,3.0,21.0,189,Three of a Kind,1,2,0,369.0,3.0,0.0,0.0,0.0,0.0,0.0,0.0,0.0,3.0,3.0
0,1649.0,4.0,52.0,344,Full House,3,4,1,549.7,1.3,1.0,0.0,2.0,0.0,0.0,2.0,0.0,1.0,6.0
0,1956.0,5.0,53.0,324,Straight,3,4,1,652.0,1.7,1.0,0.0,2.0,1.0,0.0,3.0,0.0,2.0,4.0
0,1004.0,1.0,36.0,316,Straight,2,3,0,502.0,0.5,2.0,0.0,1.0,0.0,0.0,1.0,0.0,0.0,4.0
0,336.0,2.0,28.0,124,Two Pair,1,2,0,336.0,2.0,0.0,0.0,0.0,0.0,0.0,0.0,0.0,0.0,7.0
0,436.0,0.0,26.0,240,Straight,1,2,0,436.0,0.0,0.0,0.0,0.0,0.0,1.0,1.0,0.0,1.0,4.0
0,1412.0,3.0,38.0,360,Full House,3,4,1,470.7,1.0,0.0,0.0,3.0,1.0,1.0,1.0,0.0,1.0,3.0
0,980.0,1.0,41.0,332,Full House,2,3,0,490.0,0.5,0.0,0.0,1.0,0.0,0.0,1.0,0.0,1.0,7.0
0,2576.0,5.0,64.0,372,Full House,4,5,1,644.0,1.2,3.0,0.0,2.0,0.0,1.0,3.0,0.0,2.0,4.0
0,1721.0,6.0,49.0,332,Full House,3,4,1,573.7,2.0,2.0,0.0,2.0,0.0,1.0,1.0,0.0,2.0,4.0
0,700.0,0.0,12.0,700,Four of a Kind,1,2,0,700.0,0.0,0.0,1.0,0.0,2.0,1.0,0.0,0.0,0.0,1.0
0,436.0,1.0,23.0,316,Flush,1,2,0,436.0,1.0,1.0,0.0,0.0,0.0,1.0,0.0,0.0,0.0,4.0
0,816.0,0.0,28.0,320,Flush,2,3,0,408.0,0.0,2.0,0.0,0.0,1.0,0.0,1.0,0.0,0.0,3.0
0,892.0,2.0,30.0,336,Full House,2,3,0,446.0,1.0,0.0,0.0,1.0,0.0,2.0,2.0,0.0,1.0,2.0
0,1140.0,3.0,27.0,368,Full House,2,3,0,570.0,1.5,1.0,0.0,2.0,2.0,1.0,0.0,0.0,0.0,2.0
0,2516.0,3.0,68.0,368,Full House,4,5,1,629.0,0.8,3.0,0.0,3.0,0.0,0.0,2.0,0.0,0.0,7.0
0,789.0,4.0,25.0,316,Straight,2,3,0,394.5,2.0,2.0,0.0,0.0,1.0,1.0,1.0,0.0,1.0,1.0
0,1976.0,4.0,39.0,700,Four of a Kind,3,4,1,658.7,1.3,0.0,2.0,1.0,0.0,0.0,2.0,0.0,0.0,4.0
0,1664.0,2.0,53.0,532,Four of a Kind,3,4,1,554.7,0.7,0.0,1.0,2.0,1.0,0.0,2.0,0.0,0.0,7.0
0,1052.0,6.0,40.0,316,Straight,2,3,0,526.0,3.0,1.0,0.0,1.0,0.0,3.0,1.0,0.0,1.0,4.0
0,328.0,2.0,25.0,162,Three of a Kind,1,2,0,328.0,2.0,0.0,0.0,0.0,0.0,1.0,0.0,0.0,1.0,5.0
0,996.0,2.0,38.0,312,Full House,2,3,0,498.0,1.0,0.0,0.0,1.0,0.0,0.0,2.0,0.0,1.0,5.0
0,300.0,3.0,25.0,120,Two Pair,1,2,0,300.0,3.0,0.0,0.0,0.0,1.0,0.0,0.0,0.0,0.0,6.0
0,2680.0,8.0,75.0,360,Full House,4,5,1,670.0,2.0,1.0,0.0,4.0,0.0,0.0,3.0,0.0,1.0,8.0
0,528.0,3.0,24.0,324,Straight,1,2,0,528.0,3.0,0.0,0.0,0.0,0.0,1.0,1.0,0.0,3.0,2.0
0,1652.0,5.0,56.0,324,Straight,3,4,1,550.7,1.7,2.0,0.0,1.0,0.0,0.0,2.0,0.0,1.0,7.0
0,1781.0,6.0,58.0,360,Full House,3,4,1,593.7,2.0,0.0,0.0,3.0,0.0,0.0,1.0,0.0,2.0,8.0
0,1196.0,3.0,40.0,360,Full House,2,3,0,598.0,1.5,0.0,0.0,1.0,0.0,1.0,2.0,0.0,1.0,5.0
0,1612.0,2.0,46.0,372,Full House,3,4,1,537.3,0.7,0.0,0.0,3.0,0.0,1.0,2.0,0.0,1.0,4.0
0,2488.0,9.0,67.0,368,Full House,4,5,1,622.0,2.2,1.0,0.0,4.0,0.0,1.0,4.0,0.0,0.0,5.0
0,380.0,0.0,17.0,288,Flush,1,2,0,380.0,0.0,1.0,0.0,0.0,0.0,4.0,0.0,0.0,0.0,1.0
0,356.0,0.0,23.0,260,Straight,1,2,0,356.0,0.0,0.0,0.0,0.0,0.0,1.0,1.0,0.0,0.0,4.0
0,1666.0,8.0,58.0,324,Straight,3,4,1,555.3,2.7,0.0,0.0,1.0,0.0,1.0,1.0,0.0,2.0,10.0
0,620.0,2.0,28.0,324,Straight,1,2,0,620.0,2.0,0.0,0.0,0.0,0.0,2.0,1.0,0.0,1.0,4.0
0,1784.0,6.0,45.0,364,Full House,3,4,1,594.7,2.0,3.0,0.0,3.0,0.0,0.0,0.0,0.0,1.0,3.0
0,1651.0,3.0,52.0,360,Full House,3,4,1,550.3,1.0,1.0,0.0,2.0,0.0,0.0,2.0,0.0,1.0,6.0
0,2688.0,2.0,70.0,372,Full House,4,5,1,672.0,0.5,1.0,0.0,3.0,1.0,1.0,3.0,0.0,0.0,8.0
0,1637.0,3.0,55.0,324,Straight,3,4,1,545.7,1.0,0.0,0.0,0.0,0.0,0.0,5.0,0.0,2.0,6.0
0,368.0,2.0,14.0,368,Full House,1,2,0,368.0,2.0,0.0,0.0,1.0,1.0,2.0,0.0,0.0,0.0,1.0
0,2469.0,4.0,55.0,372,Full House,4,5,1,617.2,1.0,2.0,0.0,2.0,0.0,3.0,3.0,0.0,2.0,2.0
0,556.0,1.0,24.0,308,Straight,1,2,0,556.0,1.0,1.0,0.0,0.0,0.0,1.0,1.0,0.0,0.0,3.0
0,0.0,0.0,5.0,60,Pair,0,1,0,0.0,0.0,0.0,0.0,0.0,3.0,1.0,0.0,0.0,0.0,0.0
0,2676.0,6.0,69.0,348,Full House,4,5,1,669.0,1.5,0.0,0.0,2.0,0.0,3.0,3.0,0.0,2.0,8.0
0,816.0,3.0,26.0,324,Straight,2,3,0,408.0,1.5,0.0,0.0,1.0,0.0,1.0,1.0,0.0,2.0,2.0
0,1528.0,5.0,38.0,356,Full House,3,4,1,509.3,1.7,1.0,0.0,1.0,1.0,0.0,2.0,0.0,3.0,2.0
0,796.0,2.0,33.0,364,Full House,2,3,0,398.0,1.0,0.0,0.0,1.0,0.0,2.0,0.0,0.0,0.0,6.0
0,831.0,2.0,36.0,368,Full House,2,3,0,415.5,1.0,0.0,0.0,1.0,0.0,0.0,0.0,0.0,1.0,7.0
0,1460.0,1.0,36.0,728,Four of a Kind,2,3,0,730.0,0.5,0.0,1.0,2.0,0.0,0.0,0.0,0.0,2.0,4.0
0,1608.0,7.0,48.0,324,Straight,3,4,1,536.0,2.3,0.0,0.0,1.0,0.0,3.0,2.0,0.0,5.0,3.0
0,1503.0,6.0,53.0,368,Full House,3,4,1,501.0,2.0,1.0,0.0,1.0,1.0,0.0,2.0,0.0,0.0,8.0
0,2548.0,4.0,69.0,328,Flush,4,5,1,637.0,1.0,3.0,0.0,2.0,0.0,3.0,3.0,0.0,1.0,5.0
0,1752.0,3.0,51.0,348,Full House,3,4,1,584.0,1.0,3.0,0.0,1.0,0.0,0.0,3.0,0.0,0.0,4.0
0,1136.0,1.0,34.0,360,Full House,2,3,0,568.0,0.5,0.0,0.0,2.0,0.0,0.0,1.0,0.0,1.0,4.0
0,1008.0,3.0,30.0,276,Flush,2,3,0,504.0,1.5,1.0,0.0,0.0,1.0,3.0,1.0,0.0,3.0,1.0
0,2640.0,7.0,66.0,324,Straight,4,5,1,660.0,1.8,2.0,0.0,2.0,0.0,0.0,6.0,0.0,0.0,4.0
0,300.0,2.0,23.0,180,Three of a Kind,1,2,0,300.0,2.0,0.0,0.0,0.0,0.0,0.0,0.0,0.0,1.0,5.0
0,824.0,1.0,32.0,368,Full House,2,3,0,412.0,0.5,1.0,0.0,1.0,0.0,1.0,0.0,0.0,0.0,5.0
0,936.0,1.0,34.0,360,Full House,2,3,0,468.0,0.5,1.0,0.0,1.0,1.0,0.0,0.0,0.0,1.0,5.0
0,936.0,2.0,36.0,316,Straight,2,3,0,468.0,1.0,0.0,0.0,0.0,1.0,1.0,2.0,0.0,1.0,5.0
0,2468.0,8.0,64.0,360,Full House,4,5,1,617.0,2.0,0.0,0.0,2.0,0.0,0.0,4.0,0.0,2.0,7.0
0,1692.0,3.0,58.0,372,Full House,3,4,1,564.0,1.0,0.0,0.0,3.0,0.0,0.0,3.0,0.0,0.0,7.0
0,988.0,3.0,40.0,360,Full House,2,3,0,494.0,1.5,0.0,0.0,1.0,1.0,0.0,0.0,0.0,2.0,7.0
0,932.0,3.0,38.0,324,Straight,2,3,0,466.0,1.5,1.0,0.0,0.0,0.0,0.0,1.0,0.0,0.0,7.0
0,956.0,6.0,42.0,296,Flush,2,3,0,478.0,3.0,1.0,0.0,0.0,1.0,1.0,0.0,0.0,2.0,7.0
0,1996.0,4.0,56.0,372,Full House,3,4,1,665.3,1.3,1.0,0.0,4.0,0.0,0.0,1.0,0.0,2.0,5.0
0,876.0,5.0,36.0,360,Full House,2,3,0,438.0,2.5,2.0,0.0,1.0,1.0,0.0,0.0,0.0,0.0,5.0
0,2292.0,4.0,72.0,332,Full House,4,5,1,573.0,1.0,2.0,0.0,2.0,0.0,1.0,3.0,0.0,1.0,8.0
0,932.0,6.0,39.0,316,Straight,2,3,0,466.0,3.0,0.0,0.0,0.0,0.0,1.0,2.0,0.0,1.0,6.0
0,2314.0,7.0,68.0,368,Full House,4,5,1,578.5,1.8,0.0,0.0,2.0,0.0,0.0,4.0,0.0,2.0,8.0
0,2584.0,6.0,73.0,372,Full House,4,5,1,646.0,1.5,4.0,0.0,5.0,0.0,0.0,0.0,0.0,0.0,7.0
0,1496.0,3.0,35.0,700,Four of a Kind,2,3,0,748.0,1.5,0.0,1.0,2.0,0.0,0.0,1.0,0.0,0.0,4.0
0,1628.0,7.0,53.0,372,Full House,3,4,1,542.7,2.3,2.0,0.0,1.0,0.0,0.0,2.0,0.0,0.0,7.0
0,2156.0,3.0,53.0,728,Four of a Kind,3,4,1,718.7,1.0,0.0,1.0,1.0,0.0,0.0,4.0,0.0,0.0,6.0
0,368.0,2.0,21.0,368,Full House,1,2,0,368.0,2.0,0.0,0.0,1.0,0.0,0.0,0.0,0.0,0.0,4.0
0,2614.0,7.0,56.0,728,Four of a Kind,4,5,1,653.5,1.8,0.0,1.0,2.0,2.0,1.0,3.0,0.0,1.0,5.0
0,884.0,1.0,32.0,360,Full House,2,3,0,442.0,0.5,1.0,0.0,2.0,0.0,0.0,1.0,0.0,0.0,3.0
0,332.0,3.0,14.0,332,Flush,1,2,0,332.0,3.0,1.0,0.0,0.0,0.0,3.0,0.0,0.0,1.0,0.0
0,1680.0,4.0,52.0,344,Full House,3,4,1,560.0,1.3,1.0,0.0,2.0,0.0,0.0,2.0,0.0,1.0,6.0
0,1848.0,3.0,49.0,324,Straight,3,4,1,616.0,1.0,3.0,0.0,0.0,2.0,1.0,2.0,0.0,0.0,5.0
0,1428.0,3.0,47.0,360,Full House,3,4,1,476.0,1.0,2.0,0.0,1.0,0.0,0.0,0.0,0.0,0.0,8.0
0,2464.0,7.0,74.0,336,Flush,4,5,1,616.0,1.8,6.0,0.0,0.0,0.0,1.0,3.0,0.0,1.0,6.0
0,1480.0,5.0,52.0,360,Full House,3,4,1,493.3,1.7,1.0,0.0,2.0,0.0,0.0,1.0,0.0,0.0,8.0
0,1592.0,7.0,47.0,368,Full House,3,4,1,530.7,2.3,0.0,0.0,2.0,0.0,1.0,3.0,0.0,0.0,5.0
0,976.0,5.0,35.0,328,Full House,2,3,0,488.0,2.5,0.0,0.0,1.0,1.0,0.0,2.0,0.0,1.0,4.0
0,0.0,0.0,9.0,120,Two Pair,0,1,0,0.0,0.0,0.0,0.0,0.0,1.0,2.0,0.0,0.0,0.0,1.0
0,1117.0,3.0,36.0,324,Flush,2,3,0,558.5,1.5,1.0,0.0,0.0,0.0,1.0,3.0,0.0,2.0,2.0
0,1068.0,2.0,36.0,340,Full House,2,3,0,534.0,1.0,0.0,0.0,2.0,0.0,0.0,2.0,0.0,0.0,4.0
0,1548.0,6.0,52.0,316,Straight,3,4,1,516.0,2.0,0.0,0.0,0.0,0.0,1.0,3.0,0.0,1.0,8.0
0,2380.0,9.0,69.0,360,Full House,4,5,1,595.0,2.2,2.0,0.0,1.0,2.0,0.0,1.0,0.0,1.0,11.0
0,1576.0,8.0,52.0,372,Full House,3,4,1,525.3,2.7,3.0,0.0,1.0,0.0,1.0,2.0,0.0,0.0,5.0
0,1020.0,4.0,39.0,324,Straight,2,3,0,510.0,2.0,2.0,0.0,0.0,0.0,2.0,1.0,0.0,0.0,5.0
0,896.0,5.0,33.0,324,Flush,2,3,0,448.0,2.5,1.0,0.0,0.0,1.0,1.0,1.0,0.0,0.0,5.0
0,1656.0,6.0,49.0,320,Flush,3,4,1,552.0,2.0,3.0,0.0,2.0,2.0,1.0,0.0,0.0,0.0,5.0
0,2668.0,4.0,73.0,372,Full House,4,5,1,667.0,1.0,4.0,0.0,3.0,0.0,0.0,3.0,0.0,1.0,5.0
0,404.0,3.0,25.0,308,Straight,1,2,0,404.0,3.0,0.0,0.0,0.0,0.0,0.0,1.0,0.0,0.0,5.0
0,1700.0,8.0,53.0,368,Full House,3,4,1,566.7,2.7,1.0,0.0,1.0,0.0,2.0,3.0,0.0,0.0,6.0
0,2644.0,7.0,74.0,372,Full House,4,5,1,661.0,1.8,3.0,0.0,3.0,1.0,0.0,3.0,0.0,0.0,7.0
0,1548.0,5.0,55.0,324,Straight,3,4,1,516.0,1.7,1.0,0.0,0.0,0.0,2.0,3.0,0.0,1.0,7.0
0,1736.0,3.0,58.0,360,Full House,3,4,1,578.7,1.0,0.0,0.0,1.0,0.0,0.0,5.0,0.0,0.0,7.0
0,776.0,3.0,33.0,320,Full House,2,3,0,388.0,1.5,0.0,0.0,1.0,0.0,2.0,1.0,0.0,1.0,4.0
0,1580.0,6.0,54.0,324,Straight,3,4,1,526.7,2.0,1.0,0.0,0.0,0.0,0.0,3.0,0.0,2.0,7.0
0,892.0,3.0,35.0,348,Full House,2,3,0,446.0,1.5,0.0,0.0,2.0,0.0,0.0,1.0,0.0,0.0,5.0
0,924.0,4.0,31.0,368,Full House,2,3,0,462.0,2.0,0.0,0.0,2.0,0.0,1.0,0.0,0.0,1.0,4.0
0,964.0,1.0,38.0,308,Flush,2,3,0,482.0,0.5,3.0,0.0,0.0,0.0,1.0,1.0,0.0,0.0,4.0
0,1928.0,2.0,45.0,324,Straight,3,4,1,642.7,0.7,1.0,0.0,0.0,1.0,0.0,5.0,0.0,2.0,2.0
0,1795.0,6.0,51.0,372,Full House,3,4,1,598.3,2.0,4.0,0.0,2.0,1.0,2.0,1.0,0.0,1.0,2.0
0,2527.0,5.0,70.0,368,Full House,4,5,1,631.8,1.2,2.0,0.0,4.0,0.0,0.0,2.0,0.0,2.0,6.0
0,1760.0,4.0,52.0,300,Flush,3,4,1,586.7,1.3,5.0,0.0,0.0,0.0,0.0,1.0,0.0,2.0,4.0
0,0.0,0.0,11.0,124,Two Pair,0,1,0,0.0,0.0,0.0,0.0,0.0,1.0,1.0,0.0,0.0,0.0,2.0
0,1736.0,2.0,53.0,368,Full House,3,4,1,578.7,0.7,1.0,0.0,1.0,0.0,0.0,7.0,0.0,0.0,2.0
0,1732.0,5.0,47.0,324,Straight,3,4,1,577.3,1.7,3.0,0.0,0.0,1.0,2.0,3.0,0.0,0.0,3.0
0,1604.0,2.0,57.0,368,Full House,3,4,1,534.7,0.7,1.0,0.0,1.0,0.0,0.0,3.0,0.0,0.0,8.0
0,1608.0,2.0,43.0,372,Full House,3,4,1,536.0,0.7,1.0,0.0,2.0,0.0,1.0,3.0,0.0,1.0,2.0
0,1012.0,4.0,42.0,324,Straight,2,3,0,506.0,2.0,0.0,0.0,0.0,0.0,0.0,2.0,0.0,0.0,8.0
0,3308.0,9.0,68.0,588,Four of a Kind,4,5,1,827.0,2.2,2.0,1.0,3.0,0.0,0.0,4.0,0.0,1.0,4.0
0,1020.0,3.0,33.0,324,Straight,2,3,0,510.0,1.5,0.0,0.0,2.0,1.0,0.0,2.0,0.0,0.0,3.0
0,860.0,2.0,35.0,324,Straight,2,3,0,430.0,1.0,0.0,0.0,0.0,0.0,1.0,2.0,0.0,1.0,5.0
0,1180.0,2.0,37.0,336,Full House,2,3,0,590.0,1.0,1.0,0.0,1.0,0.0,3.0,1.0,0.0,0.0,4.0
0,1236.0,3.0,37.0,372,Full House,2,3,0,618.0,1.5,1.0,0.0,1.0,0.0,1.0,1.0,0.0,0.0,5.0
0,1652.0,2.0,47.0,372,Full House,3,4,1,550.7,0.7,1.0,0.0,4.0,0.0,0.0,2.0,0.0,0.0,3.0
0,312.0,0.0,14.0,312,Full House,1,2,0,312.0,0.0,0.0,0.0,1.0,1.0,2.0,0.0,0.0,0.0,1.0
0,1632.0,1.0,33.0,960,Straight Flush,2,3,0,816.0,0.5,1.0,0.0,0.0,0.0,1.0,1.0,1.0,0.0,4.0
0,1504.0,2.0,47.0,360,Full House,3,4,1,501.3,0.7,2.0,0.0,2.0,0.0,0.0,0.0,0.0,1.0,6.0
0,827.0,1.0,32.0,256,Flush,2,3,0,413.5,0.5,1.0,0.0,0.0,1.0,0.0,0.0,0.0,2.0,5.0
0,1539.0,9.0,54.0,360,Full House,3,4,1,513.0,3.0,3.0,0.0,1.0,0.0,3.0,1.0,0.0,1.0,5.0
0,2608.0,8.0,67.0,368,Full House,4,5,1,652.0,2.0,1.0,0.0,5.0,1.0,1.0,2.0,0.0,0.0,6.0
0,2480.0,4.0,67.0,352,Full House,4,5,1,620.0,1.0,4.0,0.0,2.0,0.0,1.0,1.0,0.0,2.0,6.0
0,928.0,2.0,41.0,284,Flush,2,3,0,464.0,1.0,1.0,0.0,1.0,0.0,0.0,0.0,0.0,1.0,7.0
0,824.0,5.0,30.0,328,Flush,2,3,0,412.0,2.5,1.0,0.0,0.0,1.0,1.0,2.0,0.0,0.0,3.0
0,2423.0,7.0,62.0,700,Four of a Kind,4,5,1,605.8,1.8,0.0,1.0,2.0,0.0,1.0,3.0,0.0,1.0,7.0
0,1808.0,5.0,54.0,368,Full House,3,4,1,602.7,1.7,1.0,0.0,2.0,1.0,1.0,4.0,0.0,0.0,4.0
0,536.0,1.0,20.0,296,Straight,1,2,0,536.0,1.0,0.0,0.0,0.0,1.0,1.0,2.0,0.0,1.0,1.0
0,1699.0,6.0,49.0,372,Full House,3,4,1,566.3,2.0,2.0,0.0,1.0,1.0,1.0,3.0,0.0,0.0,4.0
0,408.0,1.0,25.0,308,Straight,1,2,0,408.0,1.0,0.0,0.0,0.0,0.0,0.0,1.0,0.0,0.0,5.0
0,1224.0,3.0,36.0,364,Full House,2,3,0,612.0,1.5,1.0,0.0,2.0,0.0,2.0,1.0,0.0,0.0,3.0
0,1564.0,4.0,49.0,324,Straight,3,4,1,521.3,1.3,0.0,0.0,0.0,1.0,0.0,4.0,0.0,0.0,7.0
0,372.0,1.0,25.0,144,Three of a Kind,1,2,0,372.0,1.0,0.0,0.0,0.0,0.0,1.0,0.0,0.0,1.0,5.0
0,801.0,4.0,41.0,324,Straight,2,3,0,400.5,2.0,0.0,0.0,0.0,1.0,0.0,1.0,0.0,1.0,8.0
0,824.0,4.0,30.0,324,Straight,2,3,0,412.0,2.0,0.0,0.0,0.0,1.0,2.0,2.0,0.0,1.0,3.0
0,505.0,2.0,20.0,316,Straight,1,2,0,505.0,2.0,0.0,0.0,0.0,1.0,0.0,1.0,0.0,2.0,2.0
0,460.0,0.0,22.0,280,Straight,1,2,0,460.0,0.0,0.0,0.0,0.0,0.0,1.0,1.0,0.0,1.0,3.0
0,0.0,0.0,11.0,120,Two Pair,0,1,0,0.0,0.0,0.0,0.0,0.0,1.0,1.0,0.0,0.0,0.0,2.0
0,700.0,1.0,16.0,700,Four of a Kind,1,2,0,700.0,1.0,0.0,1.0,0.0,0.0,2.0,0.0,0.0,0.0,2.0
0,372.0,0.0,21.0,280,Straight,1,2,0,372.0,0.0,0.0,0.0,0.0,0.0,2.0,1.0,0.0,0.0,3.0
0,424.0,3.0,25.0,316,Straight,1,2,0,424.0,3.0,0.0,0.0,0.0,0.0,0.0,1.0,0.0,0.0,5.0
0,1708.0,4.0,46.0,328,Full House,3,4,1,569.3,1.3,1.0,0.0,1.0,0.0,2.0,4.0,0.0,0.0,3.0
0,1096.0,6.0,36.0,368,Full House,2,3,0,548.0,3.0,2.0,0.0,1.0,0.0,0.0,1.0,0.0,0.0,4.0
0,2424.0,6.0,57.0,700,Four of a Kind,3,4,1,808.0,2.0,1.0,1.0,0.0,0.0,1.0,3.0,0.0,1.0,7.0
0,886.0,2.0,32.0,332,Flush,2,3,0,443.0,1.0,2.0,0.0,0.0,0.0,1.0,1.0,0.0,1.0,3.0
0,1952.0,6.0,50.0,372,Full House,3,4,1,650.7,2.0,1.0,0.0,1.0,1.0,1.0,3.0,0.0,2.0,4.0
0,1196.0,3.0,32.0,324,Straight,2,3,0,598.0,1.5,2.0,0.0,0.0,0.0,2.0,2.0,0.0,0.0,2.0
0,1868.0,3.0,53.0,360,Full House,3,4,1,622.7,1.0,0.0,0.0,2.0,0.0,2.0,3.0,0.0,0.0,6.0
0,940.0,4.0,36.0,368,Full House,2,3,0,470.0,2.0,0.0,0.0,1.0,1.0,0.0,2.0,0.0,0.0,5.0
0,1970.0,5.0,54.0,360,Full House,3,4,1,656.7,1.7,2.0,0.0,1.0,0.0,2.0,1.0,0.0,2.0,6.0
0,896.0,2.0,30.0,372,Full House,2,3,0,448.0,1.0,0.0,0.0,3.0,0.0,1.0,1.0,0.0,0.0,2.0
0,2607.0,8.0,70.0,372,Full House,4,5,1,651.8,2.0,1.0,0.0,2.0,0.0,1.0,3.0,0.0,2.0,8.0
0,1033.0,4.0,30.0,316,Straight,2,3,0,516.5,2.0,0.0,0.0,0.0,2.0,1.0,1.0,0.0,3.0,3.0
0,0.0,0.0,11.0,124,Two Pair,0,1,0,0.0,0.0,0.0,0.0,0.0,1.0,1.0,0.0,0.0,0.0,2.0
0,4370.0,4.0,94.0,1176,Straight Flush,5,6,1,874.0,0.8,5.0,0.0,0.0,0.0,1.0,4.0,1.0,2.0,9.0
0,2088.0,5.0,58.0,360,Full House,3,4,1,696.0,1.7,1.0,0.0,3.0,0.0,0.0,2.0,0.0,0.0,7.0
0,1452.0,3.0,37.0,700,Four of a Kind,3,4,1,484.0,1.0,0.0,1.0,1.0,0.0,0.0,1.0,0.0,1.0,5.0
0,952.0,3.0,27.0,372,Full House,2,3,0,476.0,1.5,0.0,0.0,2.0,0.0,2.0,1.0,0.0,0.0,2.0
0,996.0,4.0,38.0,320,Flush,2,3,0,498.0,2.0,1.0,0.0,1.0,0.0,0.0,1.0,0.0,1.0,5.0
0,2592.0,11.0,74.0,368,Full House,4,5,1,648.0,2.8,2.0,0.0,1.0,0.0,1.0,5.0,0.0,0.0,8.0
0,1813.0,8.0,46.0,372,Full House,3,4,1,604.3,2.7,0.0,0.0,3.0,0.0,1.0,2.0,0.0,1.0,4.0
0,1596.0,7.0,47.0,372,Full House,3,4,1,532.0,2.3,0.0,0.0,1.0,0.0,2.0,1.0,0.0,3.0,6.0
0,1908.0,8.0,56.0,324,Straight,3,4,1,636.0,2.7,3.0,0.0,0.0,0.0,1.0,3.0,0.0,0.0,6.0
0,2292.0,11.0,73.0,360,Full House,4,5,1,573.0,2.8,3.0,0.0,1.0,1.0,1.0,2.0,0.0,4.0,7.0
0,1924.0,5.0,43.0,700,Four of a Kind,3,4,1,641.3,1.7,2.0,1.0,2.0,0.0,0.0,0.0,0.0,1.0,4.0
0,1564.0,0.0,47.0,360,Full House,3,4,1,521.3,0.0,2.0,0.0,1.0,0.0,2.0,4.0,0.0,0.0,2.0
0,1772.0,5.0,44.0,644,Four of a Kind,3,4,1,590.7,1.7,1.0,1.0,1.0,0.0,0.0,2.0,0.0,0.0,5.0
0,1529.0,5.0,54.0,324,Straight,3,4,1,509.7,1.7,0.0,0.0,0.0,0.0,0.0,4.0,0.0,2.0,7.0
0,1072.0,3.0,28.0,324,Straight,2,3,0,536.0,1.5,0.0,0.0,1.0,2.0,0.0,2.0,0.0,1.0,2.0
0,1404.0,2.0,42.0,700,Four of a Kind,2,3,0,702.0,1.0,0.0,1.0,1.0,0.0,0.0,1.0,0.0,0.0,7.0
0,2820.0,4.0,65.0,700,Four of a Kind,4,5,1,705.0,1.0,1.0,1.0,4.0,1.0,0.0,1.0,0.0,2.0,6.0
0,1504.0,3.0,51.0,308,Flush,3,4,1,501.3,1.0,4.0,0.0,0.0,0.0,1.0,1.0,0.0,0.0,6.0
0,1816.0,3.0,59.0,360,Full House,3,4,1,605.3,1.0,3.0,0.0,1.0,0.0,1.0,1.0,0.0,0.0,8.0
0,1724.0,5.0,49.0,316,Full House,3,4,1,574.7,1.7,1.0,0.0,2.0,1.0,0.0,2.0,0.0,1.0,5.0
0,2380.0,9.0,69.0,356,Full House,4,5,1,595.0,2.2,1.0,0.0,3.0,0.0,1.0,3.0,0.0,0.0,8.0
0,1956.0,3.0,58.0,332,Flush,3,4,1,652.0,1.0,3.0,0.0,0.0,0.0,0.0,4.0,0.0,1.0,5.0
0,788.0,3.0,29.0,360,Full House,2,3,0,394.0,1.5,0.0,0.0,1.0,0.0,2.0,1.0,0.0,1.0,3.0
0,1728.0,4.0,56.0,312,Full House,3,4,1,576.0,1.3,2.0,0.0,2.0,0.0,0.0,0.0,0.0,0.0,9.0
0,360.0,3.0,19.0,296,Full House,1,2,0,360.0,3.0,0.0,0.0,1.0,1.0,1.0,0.0,0.0,1.0,2.0
0,2691.0,8.0,69.0,368,Full House,4,5,1,672.8,2.0,0.0,0.0,3.0,1.0,1.0,5.0,0.0,2.0,5.0
0,903.0,6.0,39.0,324,Straight,2,3,0,451.5,3.0,0.0,0.0,0.0,0.0,0.0,1.0,0.0,2.0,7.0
0,528.0,3.0,22.0,308,Straight,1,2,0,528.0,3.0,0.0,0.0,0.0,0.0,5.0,1.0,0.0,1.0,1.0
0,873.0,2.0,34.0,324,Straight,2,3,0,436.5,1.0,1.0,0.0,0.0,0.0,3.0,1.0,0.0,2.0,3.0
0,1727.0,5.0,61.0,316,Straight,3,4,1,575.7,1.7,2.0,0.0,0.0,1.0,1.0,4.0,0.0,0.0,7.0
0,348.0,0.0,16.0,348,Full House,1,2,0,348.0,0.0,0.0,0.0,1.0,0.0,2.0,0.0,0.0,1.0,1.0
0,924.0,4.0,40.0,308,Straight,2,3,0,462.0,2.0,1.0,0.0,0.0,1.0,2.0,2.0,0.0,0.0,5.0
0,301.0,1.0,18.0,189,Three of a Kind,1,2,0,301.0,1.0,0.0,0.0,0.0,0.0,2.0,0.0,0.0,2.0,2.0
0,1932.0,2.0,54.0,348,Full House,3,4,1,644.0,0.7,2.0,0.0,2.0,0.0,1.0,4.0,0.0,0.0,3.0
0,0.0,0.0,11.0,116,Two Pair,0,1,0,0.0,0.0,0.0,0.0,0.0,1.0,1.0,0.0,0.0,0.0,2.0
0,326.0,0.0,27.0,126,Three of a Kind,1,2,0,326.0,0.0,0.0,0.0,0.0,0.0,0.0,0.0,0.0,1.0,6.0
0,1708.0,6.0,50.0,372,Full House,3,4,1,569.3,2.0,1.0,0.0,2.0,1.0,2.0,3.0,0.0,1.0,3.0
0,1698.0,4.0,39.0,728,Four of a Kind,3,4,1,566.0,1.3,2.0,1.0,1.0,0.0,0.0,1.0,0.0,1.0,3.0
0,2800.0,6.0,80.0,372,Full House,4,5,1,700.0,1.5,1.0,0.0,3.0,0.0,0.0,4.0,0.0,0.0,10.0
0,1028.0,3.0,30.0,372,Full House,2,3,0,514.0,1.5,0.0,0.0,2.0,0.0,0.0,1.0,0.0,1.0,3.0
0,324.0,2.0,22.0,220,Straight,1,2,0,324.0,2.0,0.0,0.0,0.0,2.0,0.0,1.0,0.0,1.0,3.0
0,1784.0,8.0,33.0,700,Four of a Kind,3,4,1,594.7,2.7,2.0,1.0,1.0,2.0,0.0,0.0,0.0,0.0,3.0
0,316.0,1.0,16.0,316,Straight,1,2,0,316.0,1.0,0.0,0.0,0.0,0.0,2.0,1.0,0.0,1.0,1.0
0,360.0,0.0,18.0,360,Full House,1,2,0,360.0,0.0,0.0,0.0,1.0,0.0,1.0,0.0,0.0,1.0,2.0
0,1064.0,3.0,28.0,324,Straight,2,3,0,532.0,1.5,0.0,0.0,1.0,1.0,1.0,2.0,0.0,2.0,1.0
0,2660.0,6.0,63.0,700,Four of a Kind,4,5,1,665.0,1.5,0.0,1.0,5.0,0.0,0.0,2.0,0.0,0.0,6.0
0,2415.0,1.0,63.0,700,Four of a Kind,4,5,1,603.8,0.2,3.0,1.0,0.0,0.0,0.0,2.0,0.0,2.0,7.0
0,836.0,5.0,30.0,284,Flush,2,3,0,418.0,2.5,1.0,0.0,1.0,1.0,2.0,0.0,0.0,1.0,3.0
0,444.0,0.0,26.0,240,Straight,1,2,0,444.0,0.0,0.0,0.0,0.0,0.0,1.0,1.0,0.0,1.0,4.0
0,468.0,2.0,25.0,372,Full House,1,2,0,468.0,2.0,0.0,0.0,1.0,0.0,0.0,0.0,0.0,0.0,5.0
0,1418.0,5.0,47.0,324,Straight,3,4,1,472.7,1.7,1.0,0.0,0.0,1.0,1.0,1.0,0.0,2.0,7.0
0,944.0,1.0,31.0,368,Full House,2,3,0,472.0,0.5,0.0,0.0,1.0,0.0,0.0,1.0,0.0,3.0,3.0
0,1153.0,2.0,35.0,324,Straight,2,3,0,576.5,1.0,1.0,0.0,0.0,0.0,2.0,3.0,0.0,1.0,2.0
0,2829.0,6.0,68.0,324,Straight,4,5,1,707.2,1.5,1.0,0.0,1.0,0.0,0.0,8.0,0.0,2.0,3.0
0,368.0,0.0,20.0,260,Straight,1,2,0,368.0,0.0,0.0,0.0,0.0,1.0,0.0,1.0,0.0,2.0,2.0
0,1065.0,3.0,42.0,336,Full House,2,3,0,532.5,1.5,0.0,0.0,1.0,0.0,0.0,2.0,0.0,1.0,6.0
0,1084.0,6.0,40.0,372,Full House,2,3,0,542.0,3.0,0.0,0.0,1.0,1.0,0.0,2.0,0.0,0.0,6.0
0,2780.0,7.0,75.0,360,Full House,4,5,1,695.0,1.8,2.0,0.0,1.0,0.0,0.0,4.0,0.0,0.0,10.0
0,308.0,0.0,21.0,308,Straight,1,2,0,308.0,0.0,0.0,0.0,0.0,0.0,0.0,1.0,0.0,0.0,4.0
0,0.0,0.0,10.0,104,Two Pair,0,1,0,0.0,0.0,0.0,0.0,0.0,0.0,3.0,0.0,0.0,0.0,1.0
0,1713.0,3.0,47.0,324,Straight,3,4,1,571.0,1.0,1.0,0.0,0.0,0.0,0.0,5.0,0.0,3.0,2.0
0,357.0,0.0,27.0,124,Two Pair,1,2,0,357.0,0.0,0.0,0.0,0.0,0.0,0.0,0.0,0.0,1.0,6.0
0,2364.0,3.0,73.0,356,Full House,4,5,1,591.0,0.8,1.0,0.0,3.0,0.0,0.0,5.0,0.0,0.0,7.0
0,324.0,0.0,19.0,324,Straight,1,2,0,324.0,0.0,0.0,0.0,0.0,0.0,1.0,1.0,0.0,0.0,3.0
0,3770.0,9.0,87.0,1080,Straight Flush,5,6,1,754.0,1.8,2.0,0.0,4.0,0.0,1.0,0.0,1.0,2.0,11.0
0,1655.0,7.0,49.0,324,Full House,3,4,1,551.7,2.3,2.0,0.0,1.0,0.0,1.0,1.0,0.0,1.0,6.0
0,796.0,3.0,33.0,316,Straight,2,3,0,398.0,1.5,0.0,0.0,1.0,0.0,1.0,2.0,0.0,0.0,4.0
0,1652.0,3.0,49.0,324,Straight,3,4,1,550.7,1.0,2.0,0.0,0.0,0.0,1.0,2.0,0.0,1.0,6.0
0,1899.0,7.0,50.0,372,Full House,3,4,1,633.0,2.3,1.0,0.0,4.0,1.0,3.0,2.0,0.0,0.0,2.0
0,1440.0,8.0,53.0,324,Straight,3,4,1,480.0,2.7,1.0,0.0,0.0,1.0,1.0,3.0,0.0,2.0,6.0
0,2964.0,9.0,73.0,372,Full House,4,5,1,741.0,2.2,0.0,0.0,5.0,0.0,0.0,5.0,0.0,1.0,5.0
0,408.0,1.0,25.0,308,Straight,1,2,0,408.0,1.0,0.0,0.0,0.0,0.0,0.0,1.0,0.0,0.0,5.0
0,2621.0,10.0,71.0,324,Full House,4,5,1,655.2,2.5,2.0,0.0,1.0,1.0,0.0,5.0,0.0,2.0,6.0
0,1890.0,3.0,53.0,372,Full House,3,4,1,630.0,1.0,2.0,0.0,3.0,0.0,0.0,2.0,0.0,2.0,3.0
0,2720.0,6.0,72.0,368,Full House,4,5,1,680.0,1.5,3.0,0.0,1.0,0.0,0.0,4.0,0.0,0.0,8.0
0,502.0,0.0,28.0,220,Straight,1,2,0,502.0,0.0,0.0,0.0,0.0,0.0,0.0,1.0,0.0,1.0,5.0
0,476.0,2.0,19.0,360,Full House,1,2,0,476.0,2.0,0.0,0.0,1.0,2.0,0.0,0.0,0.0,0.0,3.0
0,0.0,0.0,11.0,124,Two Pair,0,1,0,0.0,0.0,0.0,0.0,0.0,1.0,1.0,0.0,0.0,0.0,2.0
0,1124.0,3.0,33.0,324,Flush,2,3,0,562.0,1.5,2.0,0.0,0.0,0.0,3.0,1.0,0.0,0.0,3.0
0,1492.0,3.0,49.0,324,Straight,3,4,1,497.3,1.0,1.0,0.0,1.0,0.0,1.0,2.0,0.0,1.0,6.0
0,1800.0,3.0,37.0,476,Four of a Kind,3,4,1,600.0,1.0,1.0,1.0,1.0,2.0,1.0,3.0,0.0,0.0,1.0
0,2443.0,8.0,72.0,320,Full House,4,5,1,610.8,2.0,2.0,0.0,1.0,1.0,0.0,2.0,0.0,2.0,10.0
0,1929.0,5.0,49.0,700,Four of a Kind,3,4,1,643.0,1.7,2.0,1.0,1.0,0.0,1.0,1.0,0.0,1.0,5.0
0,1656.0,3.0,54.0,308,Straight,3,4,1,552.0,1.0,1.0,0.0,1.0,0.0,0.0,4.0,0.0,0.0,6.0
0,1604.0,4.0,45.0,360,Full House,3,4,1,534.7,1.3,1.0,0.0,2.0,0.0,0.0,2.0,0.0,0.0,5.0
0,2720.0,4.0,60.0,644,Four of a Kind,4,5,1,680.0,1.0,3.0,1.0,1.0,0.0,0.0,4.0,0.0,0.0,4.0
0,2748.0,9.0,62.0,700,Four of a Kind,4,5,1,687.0,2.2,3.0,1.0,2.0,1.0,0.0,1.0,0.0,1.0,6.0
0,584.0,0.0,24.0,296,Straight,1,2,0,584.0,0.0,1.0,0.0,0.0,0.0,1.0,1.0,0.0,0.0,3.0
0,2037.0,2.0,43.0,700,Four of a Kind,3,4,1,679.0,0.7,1.0,1.0,1.0,0.0,0.0,3.0,0.0,2.0,2.0
0,2421.0,6.0,60.0,368,Full House,4,5,1,605.2,1.5,1.0,0.0,3.0,0.0,0.0,2.0,0.0,2.0,6.0
0,2712.0,7.0,80.0,360,Full House,4,5,1,678.0,1.8,0.0,0.0,5.0,0.0,0.0,3.0,0.0,0.0,10.0
0,820.0,0.0,31.0,320,Full House,2,3,0,410.0,0.0,0.0,0.0,1.0,0.0,1.0,1.0,0.0,1.0,4.0
0,496.0,0.0,18.0,296,Full House,1,2,0,496.0,0.0,0.0,0.0,1.0,2.0,1.0,1.0,0.0,0.0,1.0
0,412.0,3.0,25.0,296,Straight,1,2,0,412.0,3.0,0.0,0.0,0.0,0.0,0.0,1.0,0.0,0.0,5.0
0,4109.0,11.0,87.0,728,Four of a Kind,5,6,1,821.8,2.2,4.0,2.0,0.0,0.0,0.0,5.0,0.0,2.0,7.0
0,859.0,5.0,42.0,260,Straight,2,3,0,429.5,2.5,0.0,0.0,0.0,1.0,0.0,1.0,0.0,0.0,9.0
0,356.0,2.0,21.0,356,Full House,1,2,0,356.0,2.0,0.0,0.0,1.0,0.0,0.0,0.0,0.0,0.0,4.0
0,1616.0,4.0,44.0,372,Full House,3,4,1,538.7,1.3,0.0,0.0,3.0,0.0,0.0,2.0,0.0,1.0,4.0
0,324.0,1.0,16.0,324,Straight,1,2,0,324.0,1.0,0.0,0.0,0.0,0.0,2.0,1.0,0.0,1.0,1.0
0,2700.0,7.0,74.0,372,Full House,4,5,1,675.0,1.8,2.0,0.0,4.0,0.0,0.0,2.0,0.0,2.0,7.0
0,848.0,2.0,27.0,360,Full House,2,3,0,424.0,1.0,0.0,0.0,1.0,1.0,0.0,2.0,0.0,1.0,2.0
0,844.0,5.0,36.0,324,Straight,2,3,0,422.0,2.5,2.0,0.0,0.0,1.0,0.0,1.0,0.0,0.0,5.0
0,848.0,3.0,33.0,324,Straight,2,3,0,424.0,1.5,1.0,0.0,0.0,0.0,0.0,1.0,0.0,1.0,5.0
0,840.0,1.0,23.0,360,Full House,2,3,0,420.0,0.5,1.0,0.0,1.0,0.0,3.0,0.0,0.0,1.0,1.0
0,1518.0,3.0,47.0,560,Four of a Kind,3,4,1,506.0,1.0,0.0,1.0,0.0,0.0,2.0,1.0,0.0,2.0,7.0
0,908.0,4.0,35.0,364,Full House,2,3,0,454.0,2.0,1.0,0.0,1.0,0.0,0.0,1.0,0.0,0.0,5.0
0,2519.0,4.0,70.0,360,Full House,4,5,1,629.8,1.0,0.0,0.0,4.0,0.0,1.0,3.0,0.0,3.0,6.0
